age,annual_income,credit_score,loan_amount,debt_to_income_ratio,employment_length_years,num_credit_accounts,num_late_payments,education_level,marital_status,employment_type,housing_status,loan_purpose,data_date
39,95976.03,784,121218.98,0.168,4,6,0,大學,已婚,全職,自有,其他,2024-10-01 00:00:00
32,47370.36,722,80650.34,0.097,7,6,0,大學,單身,兼職,與家人同住,其他,2024-10-01 01:00:00
37,85237.73,678,179245.72,0.595,6,10,2,高中,已婚,兼職,自有,購屋,2024-10-01 02:00:00
32,65823.33,661,181520.0,0.17,4,9,0,高中,已婚,全職,自有,教育,2024-10-01 03:00:00
50,91081.07,505,161508.32,0.256,1,10,2,研究所,已婚,兼職,與家人同住,債務整合,2024-10-01 04:00:00
37,54062.18,629,199841.81,0.29,5,7,0,專科,已婚,全職,自有,債務整合,2024-10-01 05:00:00
33,34821.96,713,164516.3,0.325,1,9,1,大學,已婚,全職,自有,債務整合,2024-10-01 06:00:00
26,94539.74,656,45322.89,0.399,8,4,4,專科,已婚,自僱,租賃,債務整合,2024-10-01 07:00:00
43,40342.12,627,133190.69,0.179,3,10,1,高中,單身,全職,自有,其他,2024-10-01 08:00:00
18,65306.56,735,161521.0,0.271,3,6,2,大學,已婚,全職,租賃,購屋,2024-10-01 09:00:00
21,68064.64,613,180342.22,0.189,5,6,1,高中,單身,全職,自有,購屋,2024-10-01 10:00:00
50,28067.34,628,165562.56,0.083,3,14,1,研究所,單身,全職,自有,購屋,2024-10-01 11:00:00
18,35737.14,629,179501.5,0.39,3,7,0,高中,單身,全職,租賃,債務整合,2024-10-01 12:00:00
26,72030.95,597,122550.61,0.082,5,12,1,大學,單身,兼職,租賃,購車,2024-10-01 13:00:00
40,88351.95,634,150143.02,0.658,9,6,2,研究所,已婚,全職,自有,購屋,2024-10-01 14:00:00
37,79749.11,511,179623.23,0.373,6,10,2,研究所,已婚,兼職,自有,教育,2024-10-01 15:00:00
31,95340.82,822,263529.12,0.12,8,8,1,研究所,單身,全職,與家人同住,購屋,2024-10-01 16:00:00
28,60375.96,661,103393.74,0.078,5,8,2,專科,已婚,全職,租賃,購屋,2024-10-01 17:00:00
24,44241.17,682,182013.47,0.258,3,5,2,大學,單身,全職,自有,購屋,2024-10-01 18:00:00
37,74036.26,550,93985.27,0.493,7,11,0,高中,單身,全職,自有,購屋,2024-10-01 19:00:00
28,29533.78,624,120977.72,0.339,2,7,3,大學,單身,全職,租賃,購屋,2024-10-01 20:00:00
18,47864.83,680,200456.5,0.144,10,6,1,大學,單身,兼職,租賃,購屋,2024-10-01 21:00:00
22,78600.79,595,166637.6,0.306,4,4,0,專科,已婚,兼職,與家人同住,購屋,2024-10-01 22:00:00
40,75471.43,729,140198.96,0.116,3,7,0,專科,已婚,兼職,租賃,購車,2024-10-01 23:00:00
49,69459.27,688,261629.95,0.403,2,11,0,專科,單身,自僱,自有,購屋,2024-10-02 00:00:00
35,98219.91,683,121880.59,0.352,6,7,1,大學,已婚,全職,自有,教育,2024-10-02 01:00:00
27,64280.74,675,172299.92,0.429,4,9,1,高中,已婚,兼職,與家人同住,購屋,2024-10-02 02:00:00
37,76874.67,643,186518.16,0.194,6,4,1,研究所,已婚,兼職,自有,教育,2024-10-02 03:00:00
32,88922.18,601,68194.23,0.183,7,8,1,高中,單身,全職,租賃,購屋,2024-10-02 04:00:00
41,71163.02,689,139885.95,0.123,5,8,1,專科,已婚,自僱,與家人同住,其他,2024-10-02 05:00:00
52,59752.37,595,89945.06,0.171,6,5,0,高中,單身,全職,自有,購屋,2024-10-02 06:00:00
28,71889.52,677,33903.87,0.232,4,9,1,專科,已婚,全職,自有,購屋,2024-10-02 07:00:00
58,72832.97,742,168580.98,0.228,6,6,0,大學,已婚,全職,自有,購屋,2024-10-02 08:00:00
24,51730.75,669,175473.68,0.353,3,4,1,大學,單身,全職,租賃,購屋,2024-10-02 09:00:00
18,38880.74,685,119746.81,0.885,6,3,1,專科,已婚,兼職,自有,購屋,2024-10-02 10:00:00
32,56617.02,612,100024.87,0.368,6,11,1,專科,單身,全職,自有,債務整合,2024-10-02 11:00:00
18,109667.56,627,226708.66,0.19,6,11,1,專科,離婚,自僱,自有,購車,2024-10-02 12:00:00
29,102968.87,759,248017.47,0.232,6,7,0,高中,已婚,自僱,與家人同住,購屋,2024-10-02 13:00:00
21,49523.4,730,180707.05,0.102,4,7,1,大學,已婚,全職,租賃,債務整合,2024-10-02 14:00:00
32,67699.15,753,153102.54,0.469,5,12,2,研究所,已婚,全職,自有,債務整合,2024-10-02 15:00:00
36,65131.8,809,119685.66,0.142,6,11,0,專科,已婚,退休,與家人同住,其他,2024-10-02 16:00:00
31,54326.07,646,164498.73,0.162,6,4,4,大學,已婚,全職,自有,購屋,2024-10-02 17:00:00
36,94623.83,729,147077.86,0.396,6,14,0,大學,已婚,退休,自有,購車,2024-10-02 18:00:00
33,60152.11,747,184988.53,0.433,7,1,2,高中,單身,全職,租賃,購車,2024-10-02 19:00:00
21,54616.59,797,212618.38,0.566,3,12,3,大學,單身,自僱,租賃,債務整合,2024-10-02 20:00:00
27,36947.49,746,165792.01,0.294,4,9,0,專科,已婚,全職,自有,購車,2024-10-02 21:00:00
23,98145.99,641,153095.35,0.177,5,3,1,大學,單身,全職,與家人同住,購車,2024-10-02 22:00:00
32,59254.03,780,75548.35,0.143,10,7,2,專科,已婚,退休,租賃,教育,2024-10-02 23:00:00
32,67753.02,732,171308.24,0.258,6,7,0,大學,已婚,全職,租賃,購車,2024-10-03 00:00:00
37,74818.97,696,182363.7,0.07,1,4,3,大學,已婚,兼職,與家人同住,購屋,2024-10-03 01:00:00
22,61634.15,650,202651.05,0.298,3,7,2,大學,單身,全職,與家人同住,購車,2024-10-03 02:00:00
34,68957.08,773,61793.15,0.197,6,7,2,研究所,單身,全職,自有,購車,2024-10-03 03:00:00
27,75041.93,847,167084.36,0.42,3,9,3,研究所,已婚,全職,自有,購車,2024-10-03 04:00:00
36,74553.84,670,116036.9,0.531,4,11,1,大學,已婚,全職,自有,購屋,2024-10-03 05:00:00
32,76720.62,690,186409.83,0.4,5,6,1,高中,單身,全職,自有,債務整合,2024-10-03 06:00:00
43,20000.0,711,160506.27,0.299,8,9,1,大學,已婚,兼職,自有,購屋,2024-10-03 07:00:00
33,61619.59,616,118044.08,0.403,5,8,1,大學,已婚,退休,租賃,購屋,2024-10-03 08:00:00
18,68924.9,681,233940.13,0.198,8,8,0,大學,已婚,全職,自有,購屋,2024-10-03 09:00:00
37,83758.7,751,130823.67,0.057,1,8,1,高中,單身,全職,自有,購屋,2024-10-03 10:00:00
20,79936.54,796,118919.97,0.344,8,7,0,大學,單身,全職,租賃,債務整合,2024-10-03 11:00:00
41,75006.03,669,128582.3,0.084,6,11,1,大學,單身,退休,租賃,教育,2024-10-03 12:00:00
29,72672.52,709,56554.44,0.523,3,10,1,專科,單身,兼職,與家人同住,購屋,2024-10-03 13:00:00
34,95319.61,648,70090.74,0.28,5,7,2,大學,已婚,全職,與家人同住,購屋,2024-10-03 14:00:00
48,139504.24,748,209926.14,0.142,3,9,1,研究所,已婚,退休,自有,購車,2024-10-03 15:00:00
37,49905.48,672,152244.11,0.273,7,13,0,大學,已婚,自僱,與家人同住,購車,2024-10-03 16:00:00
35,77527.32,736,175158.68,0.234,5,16,0,大學,單身,兼職,租賃,購屋,2024-10-03 17:00:00
38,33946.25,638,161769.83,0.334,2,5,1,大學,已婚,自僱,與家人同住,債務整合,2024-10-03 18:00:00
23,82199.83,598,164646.81,0.294,2,4,2,大學,已婚,兼職,租賃,購屋,2024-10-03 19:00:00
46,52167.73,633,148012.57,0.157,1,5,2,大學,已婚,退休,租賃,其他,2024-10-03 20:00:00
29,117612.36,788,118580.16,0.343,5,7,2,研究所,已婚,兼職,自有,購車,2024-10-03 21:00:00
34,56599.18,670,180365.64,0.075,6,6,0,大學,已婚,全職,自有,其他,2024-10-03 22:00:00
32,47754.21,673,159337.74,0.27,7,5,2,大學,單身,全職,與家人同住,教育,2024-10-03 23:00:00
20,45600.19,698,94616.51,0.52,1,9,0,大學,離婚,全職,租賃,購屋,2024-10-04 00:00:00
18,78002.87,684,181024.74,0.214,5,6,0,大學,單身,全職,自有,教育,2024-10-04 01:00:00
32,61824.21,710,228232.69,0.118,3,5,1,專科,已婚,全職,自有,其他,2024-10-04 02:00:00
44,69258.21,689,167879.11,0.063,6,6,2,大學,已婚,全職,自有,購車,2024-10-04 03:00:00
40,42796.8,850,119426.75,0.426,4,8,1,大學,離婚,全職,自有,債務整合,2024-10-04 04:00:00
46,63913.82,761,162212.64,0.114,2,10,0,專科,離婚,全職,與家人同住,其他,2024-10-04 05:00:00
54,72365.25,735,188393.32,0.132,6,8,1,高中,已婚,全職,租賃,購屋,2024-10-04 06:00:00
33,139318.61,745,96236.07,0.356,4,7,0,研究所,單身,全職,與家人同住,購車,2024-10-04 07:00:00
29,32713.6,705,125171.56,0.542,5,7,1,高中,已婚,兼職,租賃,購屋,2024-10-04 08:00:00
31,82762.25,661,151498.49,0.381,6,6,2,研究所,已婚,全職,租賃,其他,2024-10-04 09:00:00
34,57882.42,722,134021.74,0.443,1,8,0,研究所,已婚,退休,與家人同住,購車,2024-10-04 10:00:00
38,61561.09,603,159055.54,0.134,3,9,0,大學,已婚,全職,租賃,教育,2024-10-04 11:00:00
24,68705.54,609,220422.14,0.147,7,9,0,大學,已婚,全職,自有,購屋,2024-10-04 12:00:00
26,85366.19,679,75914.52,0.033,5,3,0,大學,已婚,全職,租賃,購車,2024-10-04 13:00:00
32,55160.21,703,81377.65,0.322,6,9,0,大學,已婚,兼職,與家人同住,購車,2024-10-04 14:00:00
43,77190.69,636,129388.36,0.073,6,8,1,大學,離婚,自僱,自有,教育,2024-10-04 15:00:00
33,86623.93,736,162070.9,0.596,5,5,1,高中,已婚,兼職,自有,教育,2024-10-04 16:00:00
44,40016.2,596,86598.36,0.525,5,3,0,大學,已婚,全職,自有,教育,2024-10-04 17:00:00
37,25508.08,663,240520.11,0.211,8,8,0,大學,已婚,全職,自有,購車,2024-10-04 18:00:00
33,33016.68,586,194627.38,0.36,7,9,1,大學,已婚,全職,自有,購屋,2024-10-04 19:00:00
37,39808.39,691,84642.09,0.154,4,3,3,高中,單身,全職,租賃,購車,2024-10-04 20:00:00
34,58220.65,780,152842.19,0.26,5,9,1,專科,離婚,兼職,自有,債務整合,2024-10-04 21:00:00
33,68940.53,684,170340.65,0.121,7,12,1,專科,已婚,全職,與家人同住,購屋,2024-10-04 22:00:00
46,34285.4,744,107076.61,0.44,4,11,1,高中,已婚,全職,自有,購屋,2024-10-04 23:00:00
45,88777.58,763,65641.22,0.187,1,3,0,大學,單身,全職,與家人同住,購車,2024-10-05 00:00:00
33,94586.18,690,109806.55,0.344,9,6,1,高中,已婚,退休,自有,購屋,2024-10-05 01:00:00
32,54139.13,718,198952.8,0.006,2,9,1,大學,單身,全職,自有,購屋,2024-10-05 02:00:00
46,32688.92,603,87093.27,0.1,3,9,1,大學,單身,兼職,租賃,購車,2024-10-05 03:00:00
33,78182.3,668,216014.88,0.214,9,7,0,大學,離婚,兼職,租賃,債務整合,2024-10-05 04:00:00
41,62607.58,682,102005.3,0.576,8,5,1,專科,已婚,全職,租賃,其他,2024-10-05 05:00:00
43,55433.18,624,20500.0,0.111,7,15,0,研究所,已婚,全職,自有,購屋,2024-10-05 06:00:00
45,94625.24,697,209472.53,0.318,4,9,1,大學,已婚,全職,自有,購屋,2024-10-05 07:00:00
46,45535.97,638,125945.97,0.547,8,6,0,高中,離婚,全職,自有,債務整合,2024-10-05 08:00:00
34,80194.76,750,138324.12,0.368,6,14,2,專科,離婚,自僱,與家人同住,債務整合,2024-10-05 09:00:00
47,66973.86,605,164361.99,0.275,8,7,0,研究所,已婚,自僱,與家人同住,其他,2024-10-05 10:00:00
43,100935.52,633,83479.92,0.243,7,6,1,研究所,已婚,兼職,與家人同住,債務整合,2024-10-05 11:00:00
30,46732.3,680,95048.13,0.207,4,6,0,大學,單身,全職,自有,購車,2024-10-05 12:00:00
40,77870.14,618,130131.28,0.071,2,11,2,大學,離婚,兼職,租賃,購車,2024-10-05 13:00:00
45,46708.41,782,200763.33,0.155,6,8,1,高中,已婚,全職,自有,購車,2024-10-05 14:00:00
26,91874.34,558,164216.13,0.303,9,9,1,專科,已婚,全職,與家人同住,購屋,2024-10-05 15:00:00
38,65179.75,635,163322.01,0.374,7,10,1,專科,已婚,全職,租賃,購車,2024-10-05 16:00:00
46,32116.15,693,199147.5,0.219,6,6,0,專科,已婚,全職,與家人同住,債務整合,2024-10-05 17:00:00
28,55098.69,782,190305.97,0.187,10,10,3,大學,單身,全職,租賃,購屋,2024-10-05 18:00:00
42,57246.16,583,108049.99,0.104,5,16,0,高中,離婚,全職,自有,購屋,2024-10-05 19:00:00
23,30830.67,619,111237.8,0.126,6,7,1,高中,單身,全職,自有,購屋,2024-10-05 20:00:00
20,81305.06,663,176106.14,0.332,6,10,1,大學,已婚,全職,與家人同住,購屋,2024-10-05 21:00:00
37,73849.44,771,142700.63,0.065,1,10,0,大學,已婚,全職,租賃,購屋,2024-10-05 22:00:00
30,28476.28,724,144298.01,0.724,4,8,1,專科,已婚,全職,自有,購車,2024-10-05 23:00:00
52,70863.71,631,48496.91,0.228,4,11,1,大學,已婚,全職,與家人同住,債務整合,2024-10-06 00:00:00
22,37643.26,749,149252.28,0.321,7,10,1,高中,單身,自僱,自有,購屋,2024-10-06 01:00:00
33,71137.08,698,189064.01,0.355,5,10,0,研究所,已婚,全職,租賃,購車,2024-10-06 02:00:00
31,47614.09,687,131724.36,0.243,5,8,2,專科,已婚,全職,自有,債務整合,2024-10-06 03:00:00
32,53013.92,704,139170.39,0.242,2,3,0,專科,單身,全職,自有,其他,2024-10-06 04:00:00
56,46796.35,624,226689.93,0.363,6,8,1,專科,單身,全職,租賃,購屋,2024-10-06 05:00:00
27,81887.64,732,117218.76,0.101,6,10,1,大學,已婚,全職,與家人同住,教育,2024-10-06 06:00:00
27,75161.73,662,239129.71,0.575,8,12,0,高中,已婚,全職,與家人同住,教育,2024-10-06 07:00:00
45,68714.07,845,69968.95,0.08,5,3,1,大學,已婚,全職,租賃,其他,2024-10-06 08:00:00
18,47436.21,778,173112.04,0.356,5,10,2,專科,離婚,全職,自有,購屋,2024-10-06 09:00:00
36,69731.32,668,65044.51,0.612,4,6,0,高中,已婚,全職,自有,債務整合,2024-10-06 10:00:00
18,60006.75,705,180092.3,0.412,6,12,1,專科,單身,全職,租賃,購車,2024-10-06 11:00:00
18,59578.2,618,102860.36,0.073,8,6,0,高中,已婚,兼職,與家人同住,購屋,2024-10-06 12:00:00
32,89991.58,700,90082.16,0.303,3,10,0,研究所,已婚,兼職,自有,購屋,2024-10-06 13:00:00
18,64772.18,610,119339.84,0.342,2,7,0,高中,單身,全職,自有,購車,2024-10-06 14:00:00
23,113460.46,668,116908.47,0.337,3,9,1,研究所,已婚,全職,與家人同住,購屋,2024-10-06 15:00:00
27,75118.07,715,146048.28,0.281,5,8,1,大學,單身,全職,自有,教育,2024-10-06 16:00:00
45,84856.56,626,187441.04,0.204,5,10,1,高中,已婚,退休,與家人同住,債務整合,2024-10-06 17:00:00
37,48975.29,620,210937.44,0.208,5,8,0,專科,單身,全職,自有,購車,2024-10-06 18:00:00
32,95994.3,655,246915.43,0.678,7,8,0,專科,已婚,全職,租賃,教育,2024-10-06 19:00:00
45,55962.53,672,140825.66,0.088,4,10,0,大學,已婚,全職,與家人同住,購車,2024-10-06 20:00:00
18,84748.11,782,137777.99,0.246,4,11,3,大學,已婚,全職,與家人同住,購屋,2024-10-06 21:00:00
18,74238.9,750,157710.15,0.148,7,12,1,高中,已婚,全職,自有,購屋,2024-10-06 22:00:00
19,67913.38,653,125990.08,0.316,2,10,0,高中,單身,退休,與家人同住,債務整合,2024-10-06 23:00:00
45,81516.64,761,36658.27,0.167,3,9,0,研究所,已婚,全職,租賃,教育,2024-10-07 00:00:00
42,103098.38,694,163157.45,0.597,5,6,1,大學,單身,全職,自有,購屋,2024-10-07 01:00:00
36,96844.34,722,90029.43,0.089,7,6,0,專科,單身,全職,租賃,購車,2024-10-07 02:00:00
49,64996.4,676,149585.96,0.282,6,6,3,大學,離婚,全職,與家人同住,其他,2024-10-07 03:00:00
44,64928.68,721,126077.23,0.3,4,12,0,大學,已婚,全職,自有,其他,2024-10-07 04:00:00
42,58863.84,627,92743.65,0.25,3,6,4,研究所,已婚,全職,自有,債務整合,2024-10-07 05:00:00
25,40715.72,651,116497.01,0.353,7,9,1,高中,已婚,兼職,自有,購屋,2024-10-07 06:00:00
40,53387.97,746,98549.19,0.023,2,11,2,大學,已婚,全職,租賃,購屋,2024-10-07 07:00:00
44,59899.12,654,155555.72,0.465,3,12,0,高中,已婚,全職,租賃,債務整合,2024-10-07 08:00:00
48,77539.5,639,127628.98,0.384,1,4,2,高中,已婚,全職,自有,教育,2024-10-07 09:00:00
37,100827.32,615,158371.94,0.485,6,10,1,專科,離婚,全職,自有,債務整合,2024-10-07 10:00:00
27,20000.0,711,85739.21,0.198,4,12,1,高中,已婚,退休,自有,購屋,2024-10-07 11:00:00
32,35986.74,615,169077.66,0.489,10,8,2,大學,單身,自僱,租賃,購車,2024-10-07 12:00:00
44,90527.53,776,229947.45,0.384,5,3,1,研究所,已婚,全職,自有,債務整合,2024-10-07 13:00:00
37,30328.03,713,163646.36,0.107,8,3,0,專科,已婚,自僱,租賃,購屋,2024-10-07 14:00:00
25,85236.23,618,202558.63,0.515,7,4,0,大學,已婚,全職,租賃,其他,2024-10-07 15:00:00
37,79012.52,691,136401.95,0.612,2,11,1,高中,單身,兼職,租賃,教育,2024-10-07 16:00:00
19,75017.62,640,134364.5,0.224,5,6,1,高中,離婚,全職,自有,購屋,2024-10-07 17:00:00
36,33032.02,720,182793.32,0.47,3,9,1,大學,已婚,全職,與家人同住,教育,2024-10-07 18:00:00
55,51656.02,662,138883.63,0.34,5,4,2,研究所,已婚,全職,與家人同住,教育,2024-10-07 19:00:00
43,82575.94,834,203015.32,0.334,5,7,0,高中,離婚,全職,與家人同住,購車,2024-10-07 20:00:00
30,22063.5,813,144335.54,0.226,3,10,0,大學,已婚,全職,自有,教育,2024-10-07 21:00:00
65,66914.36,648,160905.5,0.112,7,7,1,大學,已婚,全職,自有,購屋,2024-10-07 22:00:00
24,46556.56,671,125156.8,0.279,2,7,2,大學,已婚,全職,自有,購車,2024-10-07 23:00:00
22,35902.56,727,85521.61,0.577,4,11,0,專科,已婚,兼職,自有,購屋,2024-10-08 00:00:00
25,72950.25,645,143534.58,0.434,7,9,2,研究所,離婚,兼職,與家人同住,購屋,2024-10-08 01:00:00
27,114718.27,662,137943.88,0.181,8,5,0,專科,已婚,全職,自有,教育,2024-10-08 02:00:00
48,66926.48,587,122690.07,0.162,5,2,0,大學,已婚,全職,自有,購車,2024-10-08 03:00:00
33,74701.87,596,173979.05,0.3,4,8,0,大學,已婚,全職,自有,其他,2024-10-08 04:00:00
24,54345.25,731,204675.96,0.138,3,8,0,高中,已婚,退休,租賃,債務整合,2024-10-08 05:00:00
25,80793.13,692,209947.61,0.473,8,9,0,專科,離婚,全職,自有,購車,2024-10-08 06:00:00
46,85421.32,656,143422.34,0.616,5,4,1,專科,已婚,全職,自有,教育,2024-10-08 07:00:00
31,60049.02,723,121326.87,0.061,5,7,3,高中,已婚,兼職,自有,購屋,2024-10-08 08:00:00
26,46565.01,559,108614.09,0.595,12,5,1,高中,單身,全職,租賃,購車,2024-10-08 09:00:00
25,89265.79,665,257073.61,0.158,7,12,1,研究所,已婚,全職,自有,購車,2024-10-08 10:00:00
36,78062.41,681,214598.27,0.409,2,5,2,高中,離婚,全職,租賃,購車,2024-10-08 11:00:00
27,70518.54,609,152435.32,0.24,8,12,1,高中,離婚,全職,與家人同住,債務整合,2024-10-08 12:00:00
33,52220.64,717,48709.5,0.209,6,4,2,高中,離婚,全職,與家人同住,購車,2024-10-08 13:00:00
30,74235.3,736,143605.76,0.492,5,4,1,大學,已婚,全職,租賃,債務整合,2024-10-08 14:00:00
32,55525.27,688,194280.76,0.634,9,9,1,大學,已婚,全職,與家人同住,教育,2024-10-08 15:00:00
40,89787.25,663,114059.98,0.308,5,13,1,高中,離婚,全職,自有,購屋,2024-10-08 16:00:00
23,61274.82,630,93201.52,0.25,6,6,1,大學,已婚,全職,租賃,購車,2024-10-08 17:00:00
41,29526.08,679,183513.45,0.184,8,8,2,專科,已婚,自僱,自有,債務整合,2024-10-08 18:00:00
18,76353.7,635,151325.3,0.098,3,4,0,大學,單身,兼職,與家人同住,教育,2024-10-08 19:00:00
44,65965.45,687,152198.74,0.133,6,10,0,專科,已婚,全職,自有,債務整合,2024-10-08 20:00:00
32,72078.01,744,151084.06,0.522,4,6,0,研究所,單身,全職,自有,購屋,2024-10-08 21:00:00
43,59344.46,723,84955.73,0.217,4,7,0,大學,單身,全職,租賃,教育,2024-10-08 22:00:00
39,34438.15,664,115153.85,0.257,6,9,1,高中,已婚,全職,租賃,購車,2024-10-08 23:00:00
50,41910.09,707,147590.4,0.173,6,5,1,大學,離婚,兼職,自有,其他,2024-10-09 00:00:00
36,47825.05,681,85653.38,0.221,6,8,1,大學,已婚,全職,租賃,購車,2024-10-09 01:00:00
49,74574.25,699,104064.64,0.043,5,6,1,大學,已婚,全職,租賃,債務整合,2024-10-09 02:00:00
41,72154.0,692,224925.66,0.353,4,11,0,大學,離婚,全職,租賃,教育,2024-10-09 03:00:00
23,34422.76,812,161823.76,0.11,9,7,1,大學,已婚,自僱,租賃,其他,2024-10-09 04:00:00
45,55936.83,703,161558.16,0.099,6,11,0,高中,單身,全職,租賃,購車,2024-10-09 05:00:00
37,82190.55,754,185839.74,0.145,4,10,0,研究所,單身,全職,租賃,購屋,2024-10-09 06:00:00
32,77088.93,605,180450.47,0.393,4,7,1,大學,離婚,全職,與家人同住,教育,2024-10-09 07:00:00
36,20000.0,730,157891.6,0.185,7,12,1,大學,已婚,退休,自有,購屋,2024-10-09 08:00:00
27,31797.38,661,113373.51,0.256,6,6,2,大學,已婚,全職,與家人同住,債務整合,2024-10-09 09:00:00
62,60586.47,706,100479.49,0.268,6,3,2,研究所,已婚,自僱,自有,購屋,2024-10-09 10:00:00
33,20000.0,687,167681.01,0.078,5,5,0,大學,已婚,全職,與家人同住,購屋,2024-10-09 11:00:00
26,85819.89,469,225635.34,0.064,2,13,2,大學,已婚,兼職,自有,教育,2024-10-09 12:00:00
18,65344.09,795,31822.3,0.446,2,6,1,高中,離婚,全職,租賃,購車,2024-10-09 13:00:00
44,74167.28,596,190629.64,0.453,7,9,1,專科,已婚,全職,租賃,購屋,2024-10-09 14:00:00
38,47790.25,611,87287.23,0.227,8,5,2,大學,已婚,全職,自有,其他,2024-10-09 15:00:00
35,65532.98,658,170295.26,0.208,3,7,0,高中,已婚,全職,自有,購車,2024-10-09 16:00:00
41,65205.83,632,138457.78,0.445,6,10,0,專科,已婚,全職,與家人同住,購車,2024-10-09 17:00:00
42,52546.92,634,128970.16,0.194,5,6,0,專科,已婚,全職,自有,購屋,2024-10-09 18:00:00
43,81002.47,699,154193.12,0.151,8,10,0,專科,離婚,全職,自有,購屋,2024-10-09 19:00:00
32,90271.16,699,176906.15,0.396,5,5,0,研究所,已婚,全職,與家人同住,購屋,2024-10-09 20:00:00
18,64233.05,663,207382.03,0.342,3,9,0,大學,已婚,兼職,與家人同住,購屋,2024-10-09 21:00:00
27,54943.95,668,115292.42,0.122,3,8,0,專科,已婚,全職,租賃,購車,2024-10-09 22:00:00
38,45797.11,661,174940.67,0.374,3,7,0,專科,已婚,全職,租賃,其他,2024-10-09 23:00:00
32,60888.5,667,165524.34,0.122,5,8,0,大學,已婚,全職,自有,購屋,2024-10-10 00:00:00
44,68740.71,731,170467.91,0.292,3,7,1,大學,已婚,全職,與家人同住,其他,2024-10-10 01:00:00
45,76189.35,792,144844.7,0.389,8,8,0,研究所,已婚,全職,自有,購車,2024-10-10 02:00:00
33,89124.05,760,175855.25,0.139,4,17,2,大學,單身,退休,租賃,購車,2024-10-10 03:00:00
27,68192.15,829,244664.45,0.146,6,8,0,研究所,離婚,全職,與家人同住,購屋,2024-10-10 04:00:00
30,74569.89,511,158613.51,0.299,3,4,2,專科,已婚,兼職,自有,債務整合,2024-10-10 05:00:00
35,35849.92,654,141731.79,0.433,5,8,0,大學,已婚,全職,自有,債務整合,2024-10-10 06:00:00
37,47973.44,626,138706.35,0.47,4,5,0,高中,已婚,兼職,自有,教育,2024-10-10 07:00:00
48,31677.25,772,160788.23,0.36,7,8,0,大學,已婚,全職,自有,購屋,2024-10-10 08:00:00
38,49699.07,725,144867.9,0.695,4,10,1,專科,已婚,兼職,自有,購車,2024-10-10 09:00:00
36,85571.26,724,232338.86,0.189,1,4,2,大學,已婚,全職,租賃,其他,2024-10-10 10:00:00
18,38485.61,737,92022.56,0.254,2,11,2,大學,單身,全職,自有,購車,2024-10-10 11:00:00
43,89775.53,787,218686.36,0.221,7,7,1,大學,離婚,全職,自有,購屋,2024-10-10 12:00:00
33,52224.07,627,128414.13,0.191,6,5,2,大學,已婚,全職,自有,購屋,2024-10-10 13:00:00
18,37246.9,627,146406.82,0.232,4,8,0,高中,單身,兼職,租賃,購屋,2024-10-10 14:00:00
18,58675.73,665,181001.02,0.029,4,8,2,專科,已婚,全職,與家人同住,購車,2024-10-10 15:00:00
30,74488.04,697,123305.88,0.345,2,14,0,研究所,已婚,全職,自有,購車,2024-10-10 16:00:00
42,61506.73,720,119282.96,0.053,6,7,1,大學,單身,全職,租賃,債務整合,2024-10-10 17:00:00
22,32165.5,685,106851.15,0.162,3,12,1,大學,單身,自僱,自有,債務整合,2024-10-10 18:00:00
34,58297.58,692,113707.39,0.31,5,8,1,大學,單身,全職,自有,購屋,2024-10-10 19:00:00
19,29745.36,727,158728.93,0.11,5,7,1,高中,單身,兼職,自有,債務整合,2024-10-10 20:00:00
28,50848.1,717,250253.45,0.373,6,10,1,專科,單身,退休,自有,購車,2024-10-10 21:00:00
26,58775.89,672,179257.39,0.5,5,9,0,研究所,離婚,兼職,租賃,其他,2024-10-10 22:00:00
26,42768.63,730,190848.92,0.224,3,8,1,大學,已婚,全職,租賃,其他,2024-10-10 23:00:00
42,97507.89,657,94270.07,0.234,2,11,0,研究所,已婚,全職,與家人同住,教育,2024-10-11 00:00:00
32,87416.17,688,95865.75,0.374,4,7,2,專科,單身,全職,與家人同住,購屋,2024-10-11 01:00:00
41,65879.16,811,190428.85,0.375,5,6,0,大學,已婚,全職,自有,其他,2024-10-11 02:00:00
38,39758.08,614,53981.67,0.433,6,12,1,高中,離婚,全職,自有,購屋,2024-10-11 03:00:00
39,56732.58,700,146368.14,0.086,7,12,0,高中,離婚,全職,租賃,債務整合,2024-10-11 04:00:00
31,83692.43,712,206987.51,0.326,8,8,0,高中,單身,全職,與家人同住,購車,2024-10-11 05:00:00
38,73278.89,750,140125.07,0.441,2,8,0,專科,已婚,全職,租賃,購車,2024-10-11 06:00:00
34,106443.35,841,139834.03,0.164,0,9,1,高中,已婚,全職,租賃,債務整合,2024-10-11 07:00:00
31,32895.46,756,187756.78,0.008,3,8,2,高中,單身,全職,租賃,教育,2024-10-11 08:00:00
60,52754.57,697,140899.82,0.075,6,6,1,研究所,單身,全職,自有,購屋,2024-10-11 09:00:00
33,98961.19,711,199642.08,0.455,4,10,0,研究所,已婚,全職,自有,購屋,2024-10-11 10:00:00
41,64548.14,641,118393.36,0.181,4,5,2,高中,已婚,全職,自有,其他,2024-10-11 11:00:00
33,39788.91,710,210030.39,0.218,4,3,1,專科,已婚,全職,與家人同住,購屋,2024-10-11 12:00:00
51,45582.16,752,149176.33,0.249,5,9,1,大學,已婚,全職,自有,債務整合,2024-10-11 13:00:00
25,63766.06,779,83027.32,0.065,2,7,1,大學,已婚,全職,自有,教育,2024-10-11 14:00:00
44,65534.84,653,163337.48,0.059,4,8,1,高中,已婚,全職,與家人同住,其他,2024-10-11 15:00:00
18,91139.59,722,79516.6,0.566,4,13,0,研究所,已婚,全職,與家人同住,其他,2024-10-11 16:00:00
24,95804.15,629,151001.82,0.207,2,5,0,專科,離婚,全職,租賃,購車,2024-10-11 17:00:00
42,97914.44,684,101296.03,0.115,6,5,1,專科,已婚,全職,與家人同住,購屋,2024-10-11 18:00:00
40,39524.52,663,63220.0,0.428,3,8,1,高中,已婚,全職,自有,購屋,2024-10-11 19:00:00
25,72009.94,773,50583.82,0.199,8,10,2,大學,已婚,退休,租賃,購屋,2024-10-11 20:00:00
30,49286.73,529,190985.42,0.303,5,6,1,大學,離婚,全職,自有,購車,2024-10-11 21:00:00
45,90003.08,803,94607.23,0.033,7,10,0,大學,已婚,全職,自有,購屋,2024-10-11 22:00:00
49,65199.08,598,175659.25,0.253,9,9,0,研究所,離婚,全職,自有,債務整合,2024-10-11 23:00:00
38,36114.23,669,173128.59,0.32,4,12,0,高中,已婚,全職,與家人同住,購屋,2024-10-12 00:00:00
32,81246.16,802,215830.12,0.574,5,12,0,高中,已婚,全職,自有,其他,2024-10-12 01:00:00
46,86638.52,548,172960.53,0.418,2,7,0,專科,已婚,全職,自有,教育,2024-10-12 02:00:00
30,43886.71,605,43203.22,0.015,7,8,1,大學,離婚,兼職,租賃,購屋,2024-10-12 03:00:00
31,80571.31,752,199027.57,0.531,3,13,1,專科,單身,全職,租賃,購車,2024-10-12 04:00:00
28,51198.82,575,137441.02,0.148,2,11,2,研究所,單身,全職,租賃,購屋,2024-10-12 05:00:00
21,46711.63,820,222338.63,0.196,2,5,0,高中,單身,全職,與家人同住,購車,2024-10-12 06:00:00
41,22109.11,668,161617.19,0.222,2,9,0,高中,已婚,全職,自有,購車,2024-10-12 07:00:00
35,101832.12,694,183107.46,0.111,3,10,1,研究所,已婚,全職,自有,教育,2024-10-12 08:00:00
40,67419.44,696,191737.51,0.117,5,5,2,大學,離婚,全職,自有,購車,2024-10-12 09:00:00
39,51039.32,657,109888.73,0.688,6,15,0,大學,已婚,退休,與家人同住,其他,2024-10-12 10:00:00
51,53316.0,757,186518.27,0.329,5,9,0,專科,已婚,全職,租賃,購屋,2024-10-12 11:00:00
47,63627.4,603,169660.05,0.315,0,6,0,專科,已婚,兼職,自有,購屋,2024-10-12 12:00:00
31,63019.4,651,185103.37,0.155,4,10,2,高中,離婚,全職,自有,教育,2024-10-12 13:00:00
34,89959.06,680,157837.97,0.21,6,7,1,研究所,已婚,全職,自有,購車,2024-10-12 14:00:00
31,38730.89,649,126321.87,0.351,3,8,1,大學,單身,全職,租賃,購屋,2024-10-12 15:00:00
33,72608.92,570,92285.56,0.359,2,8,1,大學,單身,自僱,租賃,債務整合,2024-10-12 16:00:00
39,61185.24,705,147097.86,0.391,6,10,1,高中,已婚,全職,自有,教育,2024-10-12 17:00:00
41,30095.77,658,190754.74,0.269,6,8,1,高中,單身,兼職,自有,購車,2024-10-12 18:00:00
48,98183.88,658,147403.44,0.27,9,9,1,高中,已婚,兼職,租賃,債務整合,2024-10-12 19:00:00
48,40328.11,814,173042.28,0.362,6,11,1,大學,已婚,全職,自有,債務整合,2024-10-12 20:00:00
34,40379.69,717,10000.0,0.167,3,7,0,高中,單身,全職,自有,購屋,2024-10-12 21:00:00
28,43375.78,631,202775.11,0.558,5,6,1,專科,已婚,自僱,租賃,購車,2024-10-12 22:00:00
37,46457.56,663,187825.59,0.255,5,5,0,高中,已婚,全職,自有,債務整合,2024-10-12 23:00:00
30,42466.27,626,167326.65,0.312,4,4,2,專科,已婚,全職,自有,購屋,2024-10-13 00:00:00
42,50586.97,627,209059.09,0.128,5,10,0,專科,單身,全職,自有,購屋,2024-10-13 01:00:00
47,73061.65,622,157425.73,0.572,2,10,0,高中,已婚,全職,自有,購屋,2024-10-13 02:00:00
41,63133.36,685,200228.38,0.078,3,8,1,專科,已婚,兼職,自有,購屋,2024-10-13 03:00:00
37,40546.68,622,148196.77,0.134,5,8,1,高中,已婚,全職,租賃,購車,2024-10-13 04:00:00
40,71897.1,602,129213.59,0.488,4,6,0,大學,單身,兼職,與家人同住,教育,2024-10-13 05:00:00
33,109660.82,574,162919.79,0.127,1,7,0,研究所,單身,自僱,與家人同住,購車,2024-10-13 06:00:00
27,53567.88,695,90917.57,0.288,2,15,0,大學,單身,全職,自有,購屋,2024-10-13 07:00:00
39,57110.36,704,207920.13,0.518,13,8,0,專科,離婚,兼職,自有,債務整合,2024-10-13 08:00:00
48,52054.76,655,207842.41,0.392,6,12,0,大學,已婚,全職,自有,購屋,2024-10-13 09:00:00
30,41502.23,712,241245.21,0.297,2,7,1,高中,已婚,全職,租賃,購車,2024-10-13 10:00:00
31,20000.0,554,145976.39,0.074,4,6,2,專科,單身,全職,自有,購屋,2024-10-13 11:00:00
43,53737.71,572,158030.06,0.723,13,9,2,專科,已婚,全職,自有,購車,2024-10-13 12:00:00
34,118141.76,711,157762.55,0.207,7,11,2,高中,已婚,全職,自有,購屋,2024-10-13 13:00:00
34,70497.52,716,130703.87,0.058,3,9,0,研究所,已婚,全職,與家人同住,購屋,2024-10-13 14:00:00
28,36562.46,646,161940.97,0.329,6,6,1,大學,單身,自僱,租賃,其他,2024-10-13 15:00:00
40,94338.01,718,165385.36,0.058,2,11,1,研究所,已婚,全職,自有,教育,2024-10-13 16:00:00
33,56165.84,709,23530.53,0.246,5,10,0,專科,單身,全職,自有,債務整合,2024-10-13 17:00:00
20,93590.72,781,100214.08,0.064,4,13,0,研究所,已婚,全職,自有,購車,2024-10-13 18:00:00
40,67954.89,630,201845.26,0.26,6,8,0,大學,單身,兼職,租賃,購車,2024-10-13 19:00:00
42,54917.16,657,163832.9,0.302,3,6,2,專科,單身,全職,與家人同住,其他,2024-10-13 20:00:00
32,62404.71,691,58393.67,0.269,2,2,2,大學,已婚,全職,租賃,購車,2024-10-13 21:00:00
44,90402.14,732,99925.93,0.526,4,13,2,大學,已婚,全職,租賃,購屋,2024-10-13 22:00:00
22,57162.8,558,153301.46,0.228,5,8,0,大學,單身,全職,租賃,購車,2024-10-13 23:00:00
26,89225.63,695,107462.88,0.475,6,5,2,大學,單身,全職,租賃,購屋,2024-10-14 00:00:00
30,70336.38,692,178139.65,0.238,4,9,0,專科,單身,全職,租賃,其他,2024-10-14 01:00:00
35,78255.48,645,171235.88,0.488,4,7,4,大學,已婚,全職,與家人同住,購屋,2024-10-14 02:00:00
38,74137.26,799,177194.22,0.508,2,3,0,大學,已婚,全職,租賃,債務整合,2024-10-14 03:00:00
30,54705.37,681,153729.34,0.216,6,12,1,高中,單身,全職,租賃,購屋,2024-10-14 04:00:00
41,86448.69,657,146913.1,0.487,6,7,0,專科,單身,兼職,租賃,購屋,2024-10-14 05:00:00
29,69214.2,756,236495.38,0.48,5,7,2,高中,已婚,全職,與家人同住,購屋,2024-10-14 06:00:00
18,64621.71,665,105029.76,0.029,6,6,1,研究所,單身,全職,租賃,購屋,2024-10-14 07:00:00
21,44198.23,683,10000.0,0.471,4,8,0,研究所,已婚,全職,自有,購屋,2024-10-14 08:00:00
51,98169.32,678,63107.76,0.117,5,6,2,研究所,已婚,全職,與家人同住,購屋,2024-10-14 09:00:00
27,28788.45,757,107780.4,0.131,6,10,0,大學,已婚,全職,自有,購屋,2024-10-14 10:00:00
29,43434.24,647,246969.19,0.4,6,7,1,大學,已婚,全職,自有,教育,2024-10-14 11:00:00
20,45726.78,633,195365.63,0.255,2,7,2,研究所,已婚,全職,自有,購車,2024-10-14 12:00:00
40,100361.29,609,90036.82,0.301,6,6,2,研究所,已婚,全職,自有,教育,2024-10-14 13:00:00
30,69338.29,669,104224.31,0.125,5,4,0,大學,已婚,全職,租賃,購車,2024-10-14 14:00:00
34,65926.4,685,170372.26,0.311,8,4,2,高中,已婚,全職,與家人同住,債務整合,2024-10-14 15:00:00
33,84388.14,664,140427.93,0.2,3,5,1,研究所,已婚,自僱,自有,購屋,2024-10-14 16:00:00
18,63180.5,653,88497.73,0.302,6,8,2,大學,已婚,全職,自有,購車,2024-10-14 17:00:00
29,93066.39,653,86867.91,0.082,4,9,0,專科,離婚,全職,自有,購屋,2024-10-14 18:00:00
47,33028.81,770,105921.56,0.285,2,8,0,大學,單身,自僱,自有,其他,2024-10-14 19:00:00
36,111296.42,658,95567.19,0.282,5,8,2,研究所,單身,全職,與家人同住,購車,2024-10-14 20:00:00
18,58048.9,562,107720.32,0.534,5,4,1,大學,已婚,兼職,租賃,債務整合,2024-10-14 21:00:00
33,94792.62,726,157283.18,0.291,6,4,0,高中,已婚,全職,自有,債務整合,2024-10-14 22:00:00
30,70455.4,789,158790.28,0.366,5,5,1,高中,已婚,自僱,自有,購屋,2024-10-14 23:00:00
31,79224.23,719,49053.04,0.456,2,6,1,高中,單身,全職,租賃,購車,2024-10-15 00:00:00
29,66950.13,708,146793.98,0.011,2,9,2,大學,單身,退休,自有,購車,2024-10-15 01:00:00
29,40339.8,734,115817.91,0.17,4,8,0,高中,已婚,全職,租賃,債務整合,2024-10-15 02:00:00
33,61422.31,642,166328.63,0.655,1,5,4,大學,已婚,全職,與家人同住,購屋,2024-10-15 03:00:00
28,61565.08,631,196142.15,0.172,6,6,2,專科,已婚,兼職,與家人同住,債務整合,2024-10-15 04:00:00
43,72559.92,679,177563.39,0.358,2,8,1,專科,已婚,全職,自有,購屋,2024-10-15 05:00:00
28,73555.63,736,86699.87,0.344,4,7,0,大學,已婚,退休,與家人同住,購車,2024-10-15 06:00:00
23,81411.53,678,156930.8,0.097,5,8,1,高中,單身,全職,租賃,債務整合,2024-10-15 07:00:00
46,71940.18,632,200758.14,0.294,1,13,3,大學,已婚,兼職,租賃,購屋,2024-10-15 08:00:00
30,58191.58,666,124347.83,0.449,7,3,0,專科,已婚,全職,租賃,購屋,2024-10-15 09:00:00
31,42344.09,739,10000.0,0.146,2,10,1,高中,已婚,全職,自有,購屋,2024-10-15 10:00:00
18,75312.79,703,187782.2,0.299,3,11,0,專科,離婚,全職,租賃,購屋,2024-10-15 11:00:00
18,36365.92,687,88124.07,0.077,5,7,2,大學,離婚,全職,自有,購車,2024-10-15 12:00:00
34,68813.16,614,217757.63,0.128,8,8,0,大學,已婚,全職,租賃,債務整合,2024-10-15 13:00:00
40,80866.52,673,131578.38,0.377,2,3,2,高中,已婚,全職,與家人同住,教育,2024-10-15 14:00:00
47,89056.82,613,201152.23,0.175,4,7,1,研究所,單身,全職,自有,債務整合,2024-10-15 15:00:00
33,43343.29,597,99454.94,0.302,6,7,3,高中,已婚,兼職,自有,購屋,2024-10-15 16:00:00
35,56969.48,617,132755.09,0.322,4,3,0,大學,已婚,全職,自有,購屋,2024-10-15 17:00:00
29,60924.9,727,173416.45,0.789,6,9,1,專科,已婚,全職,自有,購車,2024-10-15 18:00:00
41,59492.42,700,210109.34,0.363,5,9,1,大學,離婚,全職,自有,購屋,2024-10-15 19:00:00
37,66559.78,677,171404.78,0.29,7,17,1,大學,已婚,全職,租賃,教育,2024-10-15 20:00:00
28,75839.66,621,164982.77,0.049,8,9,1,高中,單身,全職,自有,其他,2024-10-15 21:00:00
30,53943.52,657,167039.8,0.069,5,5,0,大學,已婚,全職,與家人同住,教育,2024-10-15 22:00:00
21,73131.01,696,90002.79,0.668,6,7,0,高中,已婚,退休,自有,其他,2024-10-15 23:00:00
29,70452.34,629,194981.39,0.162,5,12,0,大學,已婚,全職,租賃,其他,2024-10-16 00:00:00
38,78544.71,662,32841.02,0.279,3,5,0,專科,已婚,全職,自有,購屋,2024-10-16 01:00:00
38,52237.5,675,173499.59,0.086,2,7,0,專科,單身,自僱,自有,購車,2024-10-16 02:00:00
26,64384.63,769,54415.76,0.306,0,14,1,高中,已婚,退休,租賃,教育,2024-10-16 03:00:00
20,51567.05,737,151273.42,0.539,7,3,1,大學,單身,自僱,自有,購車,2024-10-16 04:00:00
32,57177.77,792,130769.17,0.363,4,8,3,專科,已婚,全職,租賃,購車,2024-10-16 05:00:00
58,50709.15,644,129089.73,0.191,5,8,2,大學,單身,全職,租賃,購屋,2024-10-16 06:00:00
38,45789.54,713,167709.58,0.405,2,7,0,高中,離婚,自僱,租賃,購車,2024-10-16 07:00:00
23,89494.01,713,145428.72,0.133,5,9,0,大學,離婚,退休,自有,購屋,2024-10-16 08:00:00
31,69724.29,745,174811.08,0.381,2,4,2,大學,單身,全職,自有,購屋,2024-10-16 09:00:00
26,40307.43,780,183521.69,0.094,2,6,1,高中,單身,自僱,自有,購屋,2024-10-16 10:00:00
38,57371.29,616,10271.99,0.198,3,8,1,大學,單身,自僱,租賃,購屋,2024-10-16 11:00:00
22,40686.38,645,231401.77,0.368,5,7,0,大學,單身,全職,自有,購屋,2024-10-16 12:00:00
43,61719.1,583,92928.61,0.431,6,6,0,高中,離婚,兼職,租賃,購車,2024-10-16 13:00:00
34,55305.94,726,167689.27,0.294,7,9,0,高中,已婚,自僱,租賃,購車,2024-10-16 14:00:00
34,62970.89,628,195004.36,0.601,7,4,2,高中,單身,全職,租賃,購屋,2024-10-16 15:00:00
24,22547.89,632,183980.92,0.25,6,9,0,專科,離婚,全職,租賃,購車,2024-10-16 16:00:00
27,27087.89,710,197152.33,0.197,2,3,3,專科,已婚,全職,與家人同住,購屋,2024-10-16 17:00:00
18,57377.18,592,89338.84,0.207,6,8,0,高中,離婚,全職,自有,債務整合,2024-10-16 18:00:00
34,98439.21,604,145487.61,0.137,6,10,0,研究所,已婚,自僱,自有,購車,2024-10-16 19:00:00
45,61548.74,647,187256.93,0.399,5,10,0,大學,已婚,全職,與家人同住,購屋,2024-10-16 20:00:00
27,44694.01,681,132967.15,0.377,6,8,1,高中,單身,自僱,自有,購屋,2024-10-16 21:00:00
33,42021.62,659,192726.93,0.35,3,5,2,大學,單身,全職,租賃,教育,2024-10-16 22:00:00
27,84865.32,690,169400.51,0.378,10,10,1,專科,已婚,兼職,與家人同住,購車,2024-10-16 23:00:00
26,41194.28,746,153791.44,0.493,4,7,2,專科,已婚,全職,租賃,購車,2024-10-17 00:00:00
25,65396.86,713,202542.15,0.302,11,9,0,高中,已婚,全職,與家人同住,購車,2024-10-17 01:00:00
42,35972.98,642,54111.1,0.215,5,5,0,專科,離婚,全職,自有,教育,2024-10-17 02:00:00
33,54629.24,643,63908.76,0.565,2,3,3,高中,離婚,全職,租賃,其他,2024-10-17 03:00:00
24,76768.73,711,182311.52,0.213,7,7,1,大學,已婚,全職,自有,教育,2024-10-17 04:00:00
40,33083.21,666,145946.28,0.312,5,7,0,專科,已婚,全職,租賃,購屋,2024-10-17 05:00:00
23,43835.76,744,141923.86,0.094,3,11,1,專科,單身,自僱,租賃,購車,2024-10-17 06:00:00
37,81748.26,712,141889.39,0.793,6,10,1,大學,離婚,全職,租賃,購屋,2024-10-17 07:00:00
33,86786.66,611,212086.56,0.384,4,14,0,大學,離婚,全職,與家人同住,購屋,2024-10-17 08:00:00
44,82333.92,709,126807.38,0.171,10,9,0,大學,離婚,全職,自有,教育,2024-10-17 09:00:00
36,67849.19,674,163855.96,0.32,6,8,2,大學,單身,全職,自有,購屋,2024-10-17 10:00:00
38,24736.21,692,164994.9,0.152,3,13,0,大學,已婚,退休,自有,教育,2024-10-17 11:00:00
31,57755.88,602,204204.83,0.159,5,12,2,研究所,已婚,全職,與家人同住,購車,2024-10-17 12:00:00
39,68990.73,598,162427.28,0.464,4,7,1,大學,已婚,兼職,自有,購車,2024-10-17 13:00:00
31,49411.08,773,170233.36,0.096,6,5,0,研究所,單身,全職,自有,債務整合,2024-10-17 14:00:00
38,49437.38,632,86988.35,0.354,5,5,0,研究所,已婚,全職,租賃,債務整合,2024-10-17 15:00:00
39,84025.7,682,90068.93,0.084,7,10,1,高中,單身,全職,租賃,購屋,2024-10-17 16:00:00
54,41002.48,563,104714.97,0.248,8,11,0,大學,已婚,全職,自有,債務整合,2024-10-17 17:00:00
18,91955.89,708,136876.0,0.351,5,15,1,大學,已婚,兼職,租賃,購車,2024-10-17 18:00:00
27,95806.71,576,111137.43,0.245,3,14,0,研究所,離婚,全職,自有,購車,2024-10-17 19:00:00
19,72189.19,674,145277.93,0.4,7,6,1,專科,已婚,全職,自有,購屋,2024-10-17 20:00:00
25,60331.04,691,135123.08,0.178,5,7,0,專科,已婚,全職,自有,債務整合,2024-10-17 21:00:00
37,108918.07,670,40271.39,0.131,5,7,0,高中,單身,全職,自有,債務整合,2024-10-17 22:00:00
35,69758.54,716,130570.42,0.042,5,4,3,大學,已婚,全職,與家人同住,教育,2024-10-17 23:00:00
46,53684.95,683,112264.69,0.343,4,8,0,專科,單身,全職,自有,購屋,2024-10-18 00:00:00
42,74247.11,700,196676.66,0.285,9,2,0,研究所,已婚,全職,自有,購屋,2024-10-18 01:00:00
37,66639.83,665,173555.91,0.311,6,8,1,大學,已婚,全職,租賃,購車,2024-10-18 02:00:00
56,65877.01,680,205470.88,0.124,5,8,3,專科,單身,全職,租賃,購屋,2024-10-18 03:00:00
29,67259.84,806,209134.9,0.084,8,7,1,大學,已婚,全職,與家人同住,購屋,2024-10-18 04:00:00
44,68444.08,667,268591.34,0.154,4,5,1,大學,已婚,全職,自有,購屋,2024-10-18 05:00:00
27,70447.12,619,112008.0,0.03,6,7,1,高中,單身,全職,自有,購屋,2024-10-18 06:00:00
20,27687.17,665,181154.15,0.323,2,4,0,大學,已婚,兼職,與家人同住,其他,2024-10-18 07:00:00
29,69226.86,735,130470.85,0.49,4,3,1,高中,已婚,全職,與家人同住,債務整合,2024-10-18 08:00:00
43,83166.93,632,134670.14,0.092,4,5,1,專科,已婚,全職,自有,購屋,2024-10-18 09:00:00
29,61859.94,552,87430.76,0.425,1,13,2,大學,已婚,全職,自有,債務整合,2024-10-18 10:00:00
36,64799.84,527,105536.04,0.061,5,4,1,專科,已婚,全職,自有,購屋,2024-10-18 11:00:00
27,61687.25,682,237058.5,0.493,7,7,1,高中,單身,全職,自有,債務整合,2024-10-18 12:00:00
33,60206.66,646,140241.35,0.547,5,5,1,大學,單身,全職,租賃,購屋,2024-10-18 13:00:00
47,91285.39,739,70060.14,0.548,4,5,1,研究所,單身,全職,自有,購車,2024-10-18 14:00:00
31,60756.02,668,113048.58,0.384,7,9,3,專科,已婚,兼職,自有,購屋,2024-10-18 15:00:00
47,78738.58,766,137864.98,0.375,5,9,0,研究所,已婚,全職,自有,購車,2024-10-18 16:00:00
21,70804.82,586,93318.99,0.201,9,10,3,研究所,已婚,兼職,自有,購車,2024-10-18 17:00:00
18,44609.38,686,182823.63,0.091,4,7,0,大學,單身,自僱,自有,購屋,2024-10-18 18:00:00
22,28881.79,722,139768.61,0.449,8,12,0,高中,離婚,全職,租賃,教育,2024-10-18 19:00:00
38,55478.85,683,167869.87,0.388,2,7,3,大學,已婚,全職,自有,購車,2024-10-18 20:00:00
32,52098.48,709,63266.71,0.136,1,14,2,大學,單身,全職,租賃,購屋,2024-10-18 21:00:00
29,93432.62,715,89467.84,0.316,5,6,1,大學,已婚,全職,自有,購車,2024-10-18 22:00:00
18,70521.46,601,94499.06,0.461,2,11,2,專科,離婚,全職,自有,購屋,2024-10-18 23:00:00
22,56925.53,612,199011.57,0.261,1,6,2,大學,離婚,全職,自有,購車,2024-10-19 00:00:00
26,84113.84,685,136573.28,0.085,7,15,1,研究所,單身,全職,租賃,購車,2024-10-19 01:00:00
36,64293.71,799,167345.99,0.145,6,6,0,大學,已婚,兼職,租賃,購車,2024-10-19 02:00:00
43,77846.2,638,253860.45,0.259,2,11,0,高中,已婚,全職,租賃,購車,2024-10-19 03:00:00
27,50590.21,712,115266.77,0.578,5,10,0,大學,單身,全職,租賃,購屋,2024-10-19 04:00:00
26,73289.92,677,142152.95,0.367,6,6,1,高中,已婚,自僱,租賃,購車,2024-10-19 05:00:00
25,44338.03,708,139415.04,0.454,9,4,0,大學,已婚,兼職,自有,購屋,2024-10-19 06:00:00
46,55063.68,685,83437.56,0.381,2,5,0,大學,單身,全職,自有,購屋,2024-10-19 07:00:00
32,40484.79,632,168446.18,0.332,3,7,0,專科,已婚,全職,租賃,教育,2024-10-19 08:00:00
37,33116.1,716,102623.42,0.431,8,12,2,大學,已婚,全職,自有,購屋,2024-10-19 09:00:00
31,100517.82,710,73980.18,0.302,9,8,0,大學,單身,全職,租賃,購屋,2024-10-19 10:00:00
19,67263.76,776,10000.0,0.472,8,6,0,大學,單身,全職,與家人同住,購屋,2024-10-19 11:00:00
31,61880.96,711,152013.34,0.279,4,6,1,大學,單身,全職,與家人同住,其他,2024-10-19 12:00:00
41,48511.9,601,155412.01,0.363,2,13,1,高中,已婚,全職,與家人同住,購屋,2024-10-19 13:00:00
31,81197.12,751,184838.08,0.652,7,11,2,專科,單身,全職,與家人同住,債務整合,2024-10-19 14:00:00
31,66658.38,727,223888.03,0.167,7,5,3,大學,已婚,全職,自有,購車,2024-10-19 15:00:00
19,56581.48,704,145703.99,0.131,10,5,2,高中,已婚,全職,自有,購車,2024-10-19 16:00:00
50,36252.61,761,147636.02,0.107,7,10,0,大學,單身,全職,租賃,購車,2024-10-19 17:00:00
34,109155.06,582,61047.25,0.395,6,11,0,研究所,已婚,兼職,自有,購車,2024-10-19 18:00:00
46,58221.61,769,251382.63,0.38,3,15,1,大學,離婚,兼職,自有,購車,2024-10-19 19:00:00
30,46527.13,696,10000.0,0.329,5,7,1,大學,已婚,全職,租賃,購屋,2024-10-19 20:00:00
41,55577.51,738,139224.64,0.465,5,4,1,高中,單身,全職,自有,債務整合,2024-10-19 21:00:00
36,93271.87,648,228253.67,0.45,6,6,0,大學,已婚,全職,租賃,教育,2024-10-19 22:00:00
41,80801.5,593,122801.78,0.174,4,10,0,高中,已婚,全職,自有,其他,2024-10-19 23:00:00
59,53461.8,671,80299.0,0.381,5,10,1,大學,已婚,自僱,自有,債務整合,2024-10-20 00:00:00
36,113198.52,705,179841.73,0.266,10,6,0,高中,已婚,兼職,與家人同住,購屋,2024-10-20 01:00:00
32,63946.58,600,242036.05,0.566,8,6,1,高中,單身,兼職,租賃,購屋,2024-10-20 02:00:00
41,30691.08,715,269771.68,0.365,2,7,0,大學,單身,自僱,租賃,購車,2024-10-20 03:00:00
26,61448.51,701,99026.38,0.658,6,7,1,高中,已婚,全職,與家人同住,購屋,2024-10-20 04:00:00
26,49931.72,771,174265.46,0.165,3,8,0,高中,離婚,全職,自有,購屋,2024-10-20 05:00:00
34,94377.66,683,210823.79,0.441,2,11,0,研究所,離婚,自僱,自有,購屋,2024-10-20 06:00:00
35,59696.49,757,180407.78,0.684,7,8,1,專科,單身,全職,自有,購屋,2024-10-20 07:00:00
54,61138.97,682,174920.34,0.471,10,8,1,研究所,已婚,自僱,自有,購屋,2024-10-20 08:00:00
23,70151.74,690,122079.47,0.519,4,9,2,高中,單身,自僱,租賃,購車,2024-10-20 09:00:00
35,39912.65,722,132119.33,0.306,6,9,1,研究所,已婚,全職,租賃,其他,2024-10-20 10:00:00
36,64568.28,691,121491.01,0.375,1,7,0,高中,已婚,自僱,自有,購屋,2024-10-20 11:00:00
24,107083.86,653,79674.11,0.458,2,10,0,高中,離婚,全職,與家人同住,購屋,2024-10-20 12:00:00
40,82917.57,609,98492.47,0.356,4,8,0,專科,離婚,全職,租賃,其他,2024-10-20 13:00:00
41,36710.76,627,104476.99,0.144,5,5,2,專科,單身,兼職,租賃,購車,2024-10-20 14:00:00
36,89653.67,712,196056.91,0.132,4,8,0,高中,已婚,全職,租賃,購車,2024-10-20 15:00:00
43,62814.94,702,179439.89,0.73,8,11,1,大學,已婚,全職,自有,購屋,2024-10-20 16:00:00
19,47250.41,756,137060.35,0.393,8,7,0,大學,單身,全職,自有,購屋,2024-10-20 17:00:00
44,61559.93,677,119834.35,0.155,3,7,2,大學,單身,兼職,與家人同住,購車,2024-10-20 18:00:00
25,82345.57,718,33777.47,0.164,7,3,0,大學,單身,自僱,自有,購屋,2024-10-20 19:00:00
18,49544.54,731,131437.01,0.225,3,10,1,大學,已婚,兼職,與家人同住,債務整合,2024-10-20 20:00:00
36,29823.55,596,158548.7,0.425,3,7,0,高中,已婚,全職,租賃,購車,2024-10-20 21:00:00
18,42737.24,619,257035.16,0.137,6,6,0,專科,已婚,兼職,與家人同住,其他,2024-10-20 22:00:00
35,61684.93,742,200453.01,0.406,5,6,1,大學,已婚,自僱,自有,教育,2024-10-20 23:00:00
40,41031.54,625,152358.17,0.154,9,11,4,高中,已婚,全職,租賃,購屋,2024-10-21 00:00:00
20,63305.53,638,147612.12,0.125,5,7,1,大學,單身,自僱,租賃,購車,2024-10-21 01:00:00
25,52154.91,719,91914.51,0.06,8,10,1,高中,單身,自僱,自有,購屋,2024-10-21 02:00:00
38,36374.84,598,161597.96,0.348,5,6,1,專科,已婚,全職,租賃,債務整合,2024-10-21 03:00:00
26,70410.35,617,161472.57,0.031,4,7,1,大學,已婚,自僱,租賃,購屋,2024-10-21 04:00:00
22,69624.18,674,162747.42,0.194,7,7,0,高中,單身,全職,自有,購車,2024-10-21 05:00:00
31,66223.71,637,103013.37,0.214,5,4,3,高中,已婚,全職,租賃,債務整合,2024-10-21 06:00:00
45,24362.61,582,234863.0,0.302,7,7,1,專科,已婚,全職,自有,購屋,2024-10-21 07:00:00
49,47228.26,673,244769.42,0.29,2,11,1,研究所,已婚,全職,與家人同住,購車,2024-10-21 08:00:00
24,73212.64,708,147291.18,0.246,4,7,1,大學,已婚,自僱,與家人同住,教育,2024-10-21 09:00:00
44,54409.22,614,188937.82,0.264,7,8,2,大學,已婚,兼職,自有,購屋,2024-10-21 10:00:00
45,74873.31,667,68535.81,0.466,2,6,0,大學,單身,全職,自有,購屋,2024-10-21 11:00:00
53,41019.88,753,85311.51,0.111,7,6,0,大學,已婚,兼職,租賃,購屋,2024-10-21 12:00:00
32,38941.53,706,178408.17,0.087,5,10,1,專科,單身,兼職,租賃,教育,2024-10-21 13:00:00
44,49512.59,619,176861.19,0.282,6,2,0,大學,單身,全職,租賃,購屋,2024-10-21 14:00:00
36,77591.72,747,177744.34,0.224,8,6,2,研究所,已婚,全職,租賃,其他,2024-10-21 15:00:00
27,68981.94,707,150166.3,0.126,7,8,0,專科,單身,全職,自有,購屋,2024-10-21 16:00:00
39,63038.1,661,188628.8,0.527,6,12,0,專科,單身,兼職,自有,購車,2024-10-21 17:00:00
18,69761.79,716,98279.58,0.158,5,12,1,高中,已婚,自僱,租賃,購屋,2024-10-21 18:00:00
45,69901.76,636,134601.11,0.269,3,8,1,高中,已婚,全職,自有,債務整合,2024-10-21 19:00:00
50,47156.4,676,249975.38,0.36,3,6,0,大學,已婚,全職,與家人同住,購屋,2024-10-21 20:00:00
40,84573.58,681,140784.53,0.449,6,9,0,大學,單身,全職,租賃,購車,2024-10-21 21:00:00
31,48257.22,747,203830.42,0.204,7,6,2,大學,已婚,全職,租賃,其他,2024-10-21 22:00:00
31,40419.02,616,136324.55,0.243,4,9,0,高中,已婚,全職,自有,購車,2024-10-21 23:00:00
48,65939.52,711,163375.86,0.204,6,5,0,大學,已婚,全職,租賃,購車,2024-10-22 00:00:00
21,54462.1,669,204425.32,0.182,7,3,0,專科,離婚,自僱,自有,債務整合,2024-10-22 01:00:00
45,85740.68,646,88761.91,0.359,3,5,1,大學,已婚,自僱,租賃,債務整合,2024-10-22 02:00:00
51,53484.21,613,216595.19,0.226,3,4,1,大學,已婚,退休,自有,教育,2024-10-22 03:00:00
39,44964.69,740,134577.94,0.55,9,15,1,大學,離婚,全職,自有,購屋,2024-10-22 04:00:00
41,51150.0,718,175277.11,0.142,7,8,1,高中,單身,全職,自有,教育,2024-10-22 05:00:00
18,65556.47,578,113111.9,0.584,4,9,2,大學,已婚,兼職,租賃,教育,2024-10-22 06:00:00
44,66888.63,716,118785.42,0.245,6,15,1,專科,單身,全職,自有,購屋,2024-10-22 07:00:00
37,39362.15,594,77698.27,0.523,4,14,1,大學,已婚,兼職,自有,購車,2024-10-22 08:00:00
37,63075.29,702,103851.84,0.172,2,7,0,高中,單身,全職,租賃,購屋,2024-10-22 09:00:00
34,66238.82,532,150702.47,0.219,2,10,1,研究所,已婚,全職,租賃,購屋,2024-10-22 10:00:00
46,56653.5,538,152945.81,0.212,3,15,0,大學,單身,兼職,自有,購屋,2024-10-22 11:00:00
48,55093.87,703,186342.72,0.337,9,9,3,專科,離婚,全職,與家人同住,債務整合,2024-10-22 12:00:00
38,67521.43,776,137502.14,0.378,8,10,1,專科,單身,全職,與家人同住,其他,2024-10-22 13:00:00
20,73965.49,765,201640.36,0.442,6,5,3,大學,已婚,自僱,租賃,教育,2024-10-22 14:00:00
39,60735.64,666,202592.24,0.27,7,4,0,大學,已婚,全職,與家人同住,購屋,2024-10-22 15:00:00
34,89045.19,754,119915.52,0.536,3,6,0,高中,已婚,兼職,租賃,教育,2024-10-22 16:00:00
45,89062.25,705,10000.0,0.238,4,7,0,大學,已婚,全職,租賃,購屋,2024-10-22 17:00:00
35,91359.24,698,167123.85,0.371,8,7,1,研究所,單身,全職,自有,購屋,2024-10-22 18:00:00
38,77683.9,659,147768.17,0.197,7,7,2,大學,已婚,兼職,租賃,購車,2024-10-22 19:00:00
22,38867.69,728,90056.69,0.489,9,5,1,高中,單身,全職,租賃,債務整合,2024-10-22 20:00:00
29,59203.6,727,226058.14,0.095,6,11,1,專科,已婚,兼職,租賃,購屋,2024-10-22 21:00:00
23,33099.37,703,127325.09,0.5,6,6,1,大學,已婚,全職,自有,購車,2024-10-22 22:00:00
28,59717.97,596,97066.46,0.246,7,11,1,專科,離婚,全職,自有,教育,2024-10-22 23:00:00
36,51540.05,722,263987.43,0.256,1,10,0,大學,已婚,全職,與家人同住,債務整合,2024-10-23 00:00:00
42,59855.82,696,132479.89,0.566,3,14,0,大學,離婚,全職,與家人同住,購屋,2024-10-23 01:00:00
29,50319.85,699,149852.62,0.256,5,8,0,高中,單身,全職,租賃,購車,2024-10-23 02:00:00
40,56789.16,449,168515.15,0.378,7,8,0,大學,已婚,全職,自有,債務整合,2024-10-23 03:00:00
33,68877.73,561,83691.95,0.199,5,7,3,大學,已婚,全職,租賃,購屋,2024-10-23 04:00:00
28,57015.87,725,113267.0,0.345,1,10,1,研究所,已婚,全職,自有,購屋,2024-10-23 05:00:00
40,61069.07,793,139374.53,0.324,7,17,0,高中,已婚,全職,租賃,購屋,2024-10-23 06:00:00
27,88226.71,626,228128.0,0.253,2,10,0,研究所,單身,全職,與家人同住,教育,2024-10-23 07:00:00
42,51730.57,671,102456.13,0.168,5,9,1,大學,已婚,全職,自有,其他,2024-10-23 08:00:00
26,37878.12,518,199477.68,0.351,5,9,1,專科,已婚,自僱,租賃,購車,2024-10-23 09:00:00
59,61750.48,656,172437.05,0.504,6,15,0,大學,已婚,全職,與家人同住,其他,2024-10-23 10:00:00
51,77153.63,667,143663.08,0.092,3,6,1,大學,已婚,自僱,自有,其他,2024-10-23 11:00:00
24,69005.19,641,112734.76,0.208,11,7,0,大學,已婚,全職,自有,債務整合,2024-10-23 12:00:00
32,47132.17,761,95242.45,0.371,2,4,1,高中,已婚,全職,租賃,購車,2024-10-23 13:00:00
28,50531.4,695,311424.08,0.272,4,11,2,高中,已婚,全職,自有,教育,2024-10-23 14:00:00
29,49394.53,644,205060.47,0.319,5,12,0,大學,已婚,全職,自有,債務整合,2024-10-23 15:00:00
42,32406.68,709,135731.48,0.487,5,6,0,專科,單身,全職,租賃,債務整合,2024-10-23 16:00:00
39,98102.38,749,143690.41,0.04,6,16,2,高中,已婚,自僱,與家人同住,購車,2024-10-23 17:00:00
28,83633.54,607,119783.14,0.456,4,4,1,研究所,離婚,全職,租賃,債務整合,2024-10-23 18:00:00
29,100993.76,622,76237.6,0.142,7,9,0,研究所,已婚,全職,與家人同住,債務整合,2024-10-23 19:00:00
41,57867.55,579,121076.8,0.245,6,11,0,大學,已婚,全職,租賃,購屋,2024-10-23 20:00:00
24,33228.13,664,127497.55,0.286,5,10,0,高中,已婚,全職,自有,購屋,2024-10-23 21:00:00
38,95595.25,694,222268.85,0.246,5,7,0,研究所,離婚,全職,與家人同住,債務整合,2024-10-23 22:00:00
27,90653.84,635,151710.96,0.209,6,10,1,高中,離婚,全職,自有,教育,2024-10-23 23:00:00
41,40124.51,754,118837.33,0.104,6,10,0,高中,單身,全職,租賃,購屋,2024-10-24 00:00:00
30,37320.08,730,235614.28,0.355,6,3,1,研究所,單身,兼職,自有,購車,2024-10-24 01:00:00
35,64776.37,622,113849.72,0.451,6,11,2,高中,已婚,全職,自有,其他,2024-10-24 02:00:00
30,101648.11,623,135126.82,0.379,6,9,0,大學,已婚,全職,自有,購屋,2024-10-24 03:00:00
47,61775.65,592,212949.52,0.096,1,3,1,高中,已婚,全職,租賃,購屋,2024-10-24 04:00:00
43,44448.91,651,97764.08,0.515,7,6,0,專科,已婚,全職,自有,教育,2024-10-24 05:00:00
37,86620.97,774,113498.82,0.239,9,9,1,專科,單身,全職,自有,購屋,2024-10-24 06:00:00
42,56177.9,624,121339.27,0.381,2,7,0,專科,已婚,全職,自有,購屋,2024-10-24 07:00:00
38,49735.11,711,168213.57,0.42,7,9,1,專科,單身,全職,自有,債務整合,2024-10-24 08:00:00
28,71402.06,679,66777.25,0.131,8,4,0,高中,已婚,全職,與家人同住,債務整合,2024-10-24 09:00:00
25,79433.83,572,138877.61,0.191,6,6,1,高中,單身,全職,與家人同住,教育,2024-10-24 10:00:00
35,36876.29,729,94601.25,0.499,8,10,1,研究所,已婚,全職,自有,購屋,2024-10-24 11:00:00
37,69780.08,647,136560.26,0.394,5,10,0,高中,已婚,自僱,租賃,購屋,2024-10-24 12:00:00
32,38401.74,643,175368.52,0.625,4,10,0,高中,已婚,全職,與家人同住,教育,2024-10-24 13:00:00
23,40242.18,677,92202.32,0.161,3,3,3,高中,單身,全職,自有,債務整合,2024-10-24 14:00:00
37,75182.61,660,86650.31,0.412,4,8,2,大學,已婚,兼職,自有,購車,2024-10-24 15:00:00
39,55939.28,737,123983.04,0.568,5,10,0,高中,已婚,全職,自有,債務整合,2024-10-24 16:00:00
48,43274.9,641,121709.85,0.128,5,5,2,大學,已婚,退休,與家人同住,債務整合,2024-10-24 17:00:00
33,78446.96,692,185748.25,0.306,3,5,0,專科,已婚,全職,自有,債務整合,2024-10-24 18:00:00
22,93193.18,710,53989.79,0.146,5,4,1,研究所,已婚,全職,租賃,教育,2024-10-24 19:00:00
35,60850.9,612,140566.47,0.115,7,7,2,專科,已婚,退休,與家人同住,債務整合,2024-10-24 20:00:00
36,49220.08,682,101419.17,0.26,7,3,0,大學,已婚,全職,租賃,購屋,2024-10-24 21:00:00
28,49326.09,623,81977.92,0.349,4,9,0,大學,已婚,全職,自有,購車,2024-10-24 22:00:00
29,37878.54,706,94212.71,0.742,9,7,1,研究所,離婚,全職,與家人同住,購車,2024-10-24 23:00:00
43,94305.83,528,106345.35,0.321,2,17,2,專科,已婚,全職,自有,購屋,2024-10-25 00:00:00
32,83451.13,757,87702.89,0.094,2,9,0,研究所,已婚,兼職,租賃,其他,2024-10-25 01:00:00
33,38994.03,649,101448.32,0.42,4,17,0,大學,已婚,自僱,自有,購車,2024-10-25 02:00:00
24,101324.51,709,135886.86,0.288,1,9,3,專科,單身,自僱,租賃,債務整合,2024-10-25 03:00:00
35,55387.67,694,94013.31,0.16,9,3,0,大學,已婚,全職,租賃,購車,2024-10-25 04:00:00
27,73955.18,648,146721.65,0.151,2,4,0,大學,單身,退休,與家人同住,購屋,2024-10-25 05:00:00
27,63208.99,640,171338.57,0.076,3,7,1,研究所,已婚,兼職,自有,購車,2024-10-25 06:00:00
20,57742.97,691,158977.04,0.368,6,5,1,專科,已婚,兼職,自有,購屋,2024-10-25 07:00:00
39,75473.28,754,127598.2,0.21,2,8,0,研究所,已婚,全職,自有,購屋,2024-10-25 08:00:00
28,69706.03,707,155473.81,0.663,7,7,1,大學,已婚,全職,自有,購屋,2024-10-25 09:00:00
26,82590.83,665,70840.76,0.168,3,11,1,大學,已婚,全職,自有,債務整合,2024-10-25 10:00:00
32,68015.23,757,79978.57,0.038,5,6,0,研究所,離婚,全職,自有,購車,2024-10-25 11:00:00
41,57492.35,781,162913.04,0.397,6,8,0,高中,已婚,兼職,自有,其他,2024-10-25 12:00:00
38,89146.17,683,128939.53,0.279,4,13,1,高中,已婚,全職,自有,債務整合,2024-10-25 13:00:00
36,69649.15,696,134060.29,0.312,3,8,1,大學,離婚,自僱,租賃,購車,2024-10-25 14:00:00
44,58917.03,701,122431.12,0.369,7,8,2,大學,已婚,全職,租賃,購車,2024-10-25 15:00:00
43,80981.35,802,187735.96,0.19,6,4,0,大學,已婚,全職,與家人同住,購車,2024-10-25 16:00:00
36,54693.55,719,222560.76,0.167,4,9,2,大學,單身,全職,自有,購屋,2024-10-25 17:00:00
38,50728.47,736,118253.35,0.077,8,9,2,大學,單身,自僱,自有,購屋,2024-10-25 18:00:00
41,65812.96,790,148072.7,0.098,6,10,0,高中,已婚,兼職,租賃,購車,2024-10-25 19:00:00
40,61927.33,693,182824.97,0.404,6,13,3,大學,離婚,全職,自有,債務整合,2024-10-25 20:00:00
42,51422.95,718,176539.01,0.268,6,8,1,高中,單身,全職,自有,購車,2024-10-25 21:00:00
27,66581.71,697,103921.73,0.564,4,5,2,大學,已婚,全職,自有,購車,2024-10-25 22:00:00
31,36975.89,675,57016.52,0.057,2,5,0,研究所,單身,兼職,租賃,購車,2024-10-25 23:00:00
40,49428.29,598,240253.69,0.211,0,7,1,高中,已婚,全職,自有,購屋,2024-10-26 00:00:00
37,32470.97,614,91943.16,0.198,5,11,1,高中,已婚,全職,租賃,購屋,2024-10-26 01:00:00
48,36634.24,586,232338.43,0.405,5,6,1,大學,單身,自僱,與家人同住,教育,2024-10-26 02:00:00
50,26953.41,703,249052.64,0.255,5,6,0,專科,已婚,全職,租賃,購屋,2024-10-26 03:00:00
43,57147.66,715,178172.96,0.329,2,7,1,專科,已婚,自僱,租賃,購屋,2024-10-26 04:00:00
18,48695.11,615,191025.15,0.389,3,8,1,專科,已婚,全職,租賃,購車,2024-10-26 05:00:00
42,67330.84,641,136901.95,0.409,3,6,1,高中,單身,兼職,租賃,教育,2024-10-26 06:00:00
34,89160.38,675,154271.7,0.352,7,4,1,研究所,已婚,全職,租賃,購屋,2024-10-26 07:00:00
26,85568.74,783,104609.11,0.065,0,11,1,專科,單身,全職,租賃,購車,2024-10-26 08:00:00
29,45190.45,659,212187.52,0.343,5,7,0,專科,單身,全職,自有,購車,2024-10-26 09:00:00
22,64238.41,773,264725.07,0.058,7,7,1,專科,已婚,全職,租賃,債務整合,2024-10-26 10:00:00
44,54454.85,496,212435.52,0.324,5,12,2,高中,已婚,全職,與家人同住,購車,2024-10-26 11:00:00
40,67461.67,739,133029.93,0.042,2,10,2,高中,單身,自僱,與家人同住,債務整合,2024-10-26 12:00:00
18,64998.7,599,93369.72,0.291,3,11,0,高中,已婚,兼職,自有,購屋,2024-10-26 13:00:00
36,53461.23,672,245988.11,0.263,4,9,2,大學,已婚,兼職,與家人同住,購車,2024-10-26 14:00:00
22,58631.51,625,88556.12,0.332,5,8,1,大學,已婚,全職,自有,教育,2024-10-26 15:00:00
43,31746.23,664,162916.34,0.547,6,7,0,高中,已婚,兼職,自有,債務整合,2024-10-26 16:00:00
23,70335.21,663,193676.97,0.204,9,5,1,專科,單身,全職,自有,債務整合,2024-10-26 17:00:00
18,21457.59,635,206103.47,0.075,3,12,0,大學,離婚,全職,自有,購屋,2024-10-26 18:00:00
38,69265.24,676,212600.38,0.211,7,11,0,專科,單身,全職,自有,教育,2024-10-26 19:00:00
41,31962.5,688,137673.31,0.679,4,6,1,專科,已婚,全職,租賃,購屋,2024-10-26 20:00:00
43,74316.31,609,124418.86,0.1,5,8,1,大學,已婚,全職,自有,其他,2024-10-26 21:00:00
32,68862.95,620,89923.06,0.109,7,6,3,大學,已婚,退休,租賃,購車,2024-10-26 22:00:00
34,47655.33,763,43822.29,0.124,6,5,0,大學,已婚,全職,租賃,教育,2024-10-26 23:00:00
40,27514.7,676,154550.96,0.309,6,12,1,研究所,已婚,全職,自有,購屋,2024-10-27 00:00:00
45,68260.51,684,211233.97,0.41,4,11,0,高中,已婚,兼職,自有,教育,2024-10-27 01:00:00
33,31314.0,628,116310.38,0.321,4,2,3,大學,離婚,全職,租賃,教育,2024-10-27 02:00:00
31,77241.67,687,167071.96,0.456,1,3,1,大學,已婚,全職,自有,購屋,2024-10-27 03:00:00
18,32832.81,645,175488.54,0.272,5,9,0,專科,離婚,全職,自有,購屋,2024-10-27 04:00:00
35,30530.42,714,126765.89,0.072,4,12,0,專科,單身,全職,租賃,教育,2024-10-27 05:00:00
48,53561.17,650,184448.42,0.148,4,7,0,大學,單身,全職,自有,購屋,2024-10-27 06:00:00
42,30215.55,664,288211.67,0.569,6,9,1,專科,單身,全職,自有,其他,2024-10-27 07:00:00
45,55189.61,802,145612.63,0.062,4,10,2,專科,單身,全職,與家人同住,購屋,2024-10-27 08:00:00
39,24494.84,710,165571.36,0.271,7,6,2,大學,單身,自僱,自有,購屋,2024-10-27 09:00:00
38,64546.78,667,155284.89,0.188,6,10,1,專科,已婚,全職,自有,教育,2024-10-27 10:00:00
25,43194.31,682,58441.87,0.602,8,8,1,高中,已婚,全職,自有,購屋,2024-10-27 11:00:00
28,100439.32,777,43161.28,0.417,7,9,1,高中,已婚,全職,租賃,購車,2024-10-27 12:00:00
22,62450.83,613,157994.74,0.484,7,6,1,大學,單身,全職,租賃,購車,2024-10-27 13:00:00
41,84553.31,678,147197.11,0.065,1,6,0,研究所,單身,退休,自有,購屋,2024-10-27 14:00:00
46,61051.64,681,113567.91,0.189,6,8,3,專科,已婚,自僱,自有,其他,2024-10-27 15:00:00
46,24007.25,689,154796.81,0.174,4,6,1,高中,單身,全職,租賃,購車,2024-10-27 16:00:00
24,64200.77,646,187076.62,0.045,5,9,0,大學,已婚,全職,與家人同住,購屋,2024-10-27 17:00:00
31,20000.0,665,87355.47,0.111,6,9,0,大學,單身,全職,自有,教育,2024-10-27 18:00:00
19,133629.25,596,115180.23,0.299,4,7,0,研究所,已婚,兼職,租賃,教育,2024-10-27 19:00:00
23,21828.38,715,10000.0,0.383,3,6,1,大學,離婚,全職,自有,購車,2024-10-27 20:00:00
23,31909.73,630,184967.17,0.639,6,6,1,高中,離婚,全職,與家人同住,購屋,2024-10-27 21:00:00
48,71967.08,793,202855.8,0.238,3,9,1,高中,已婚,全職,租賃,購車,2024-10-27 22:00:00
31,98088.94,681,164015.93,0.377,3,10,1,研究所,單身,全職,自有,購屋,2024-10-27 23:00:00
21,112925.58,631,69978.15,0.368,4,8,1,研究所,已婚,自僱,租賃,購屋,2024-10-28 00:00:00
27,86653.22,589,200156.1,0.199,0,9,2,大學,單身,全職,自有,購車,2024-10-28 01:00:00
45,40187.64,663,173505.42,0.18,6,10,1,高中,已婚,全職,租賃,其他,2024-10-28 02:00:00
36,20000.0,706,115901.66,0.506,6,5,1,高中,已婚,全職,租賃,教育,2024-10-28 03:00:00
24,65161.16,707,190467.29,0.386,6,9,1,高中,已婚,全職,租賃,債務整合,2024-10-28 04:00:00
47,37297.31,622,173581.81,0.684,5,5,1,大學,單身,全職,自有,教育,2024-10-28 05:00:00
39,64236.47,850,108223.92,0.197,6,10,1,研究所,已婚,兼職,自有,購屋,2024-10-28 06:00:00
27,58047.6,738,87049.1,0.105,5,13,3,大學,已婚,全職,自有,債務整合,2024-10-28 07:00:00
34,87084.41,769,117099.2,0.273,5,6,1,大學,已婚,全職,租賃,債務整合,2024-10-28 08:00:00
44,71177.27,700,152776.66,0.016,6,9,1,大學,單身,全職,租賃,教育,2024-10-28 09:00:00
27,50092.84,619,193663.3,0.093,7,7,1,專科,單身,全職,自有,購車,2024-10-28 10:00:00
39,41053.29,688,116713.61,0.409,5,13,0,大學,單身,全職,租賃,購屋,2024-10-28 11:00:00
37,35727.62,671,121244.86,0.387,3,8,0,大學,單身,兼職,自有,購車,2024-10-28 12:00:00
26,106024.55,771,103478.16,0.385,8,10,1,專科,離婚,退休,自有,購屋,2024-10-28 13:00:00
25,52456.2,656,197394.9,0.384,1,8,2,大學,已婚,自僱,自有,其他,2024-10-28 14:00:00
18,69851.21,662,189060.76,0.095,2,6,1,高中,離婚,全職,租賃,購屋,2024-10-28 15:00:00
30,82488.73,590,128082.74,0.382,8,7,2,大學,已婚,全職,租賃,其他,2024-10-28 16:00:00
18,62197.4,691,83018.65,0.355,6,13,0,專科,已婚,全職,租賃,購車,2024-10-28 17:00:00
18,78110.72,626,154178.31,0.286,4,4,0,專科,離婚,退休,租賃,債務整合,2024-10-28 18:00:00
18,52140.18,670,68873.66,0.318,6,4,3,大學,離婚,自僱,自有,購屋,2024-10-28 19:00:00
31,82889.25,693,85718.13,0.121,9,9,1,大學,離婚,全職,租賃,其他,2024-10-28 20:00:00
43,84080.72,617,192608.11,0.329,2,8,1,大學,已婚,全職,自有,債務整合,2024-10-28 21:00:00
23,41145.7,648,253326.71,0.227,6,8,0,專科,已婚,全職,自有,教育,2024-10-28 22:00:00
45,73688.28,642,40736.48,0.115,10,7,3,研究所,已婚,全職,租賃,債務整合,2024-10-28 23:00:00
46,70096.64,699,172746.63,0.185,5,6,0,大學,已婚,全職,自有,購車,2024-10-29 00:00:00
24,67344.2,631,17578.19,0.464,9,7,1,專科,已婚,全職,租賃,購屋,2024-10-29 01:00:00
18,60232.59,715,140846.92,0.218,5,4,0,專科,單身,兼職,租賃,購屋,2024-10-29 02:00:00
44,75587.19,711,115783.28,0.049,5,10,3,高中,已婚,自僱,與家人同住,購屋,2024-10-29 03:00:00
47,90648.28,651,173318.18,0.183,8,6,0,高中,已婚,全職,自有,購屋,2024-10-29 04:00:00
34,24659.67,669,169395.69,0.242,8,9,1,大學,已婚,全職,與家人同住,購車,2024-10-29 05:00:00
35,43538.93,693,190547.7,0.596,6,5,0,專科,已婚,全職,自有,其他,2024-10-29 06:00:00
35,28798.94,650,82940.82,0.127,5,12,0,專科,已婚,全職,自有,購屋,2024-10-29 07:00:00
38,85903.18,727,170992.77,0.225,3,7,0,高中,已婚,全職,與家人同住,其他,2024-10-29 08:00:00
42,63116.85,733,161304.43,0.125,5,10,1,大學,已婚,全職,租賃,債務整合,2024-10-29 09:00:00
29,55205.46,751,141993.15,0.609,3,8,1,專科,已婚,退休,與家人同住,購屋,2024-10-29 10:00:00
23,54442.32,743,198019.65,0.115,3,10,0,專科,單身,全職,租賃,債務整合,2024-10-29 11:00:00
30,44080.98,688,219941.69,0.068,4,9,2,研究所,已婚,全職,自有,購屋,2024-10-29 12:00:00
35,68461.53,642,159609.14,0.424,4,11,0,大學,已婚,全職,自有,購屋,2024-10-29 13:00:00
40,89629.56,768,65404.94,0.226,7,5,1,大學,已婚,全職,租賃,購屋,2024-10-29 14:00:00
44,74797.37,676,208026.71,0.329,4,15,1,高中,已婚,全職,自有,購車,2024-10-29 15:00:00
41,46424.63,701,140270.76,0.224,8,10,1,大學,已婚,全職,租賃,購車,2024-10-29 16:00:00
38,39374.18,514,177304.85,0.394,5,12,0,專科,已婚,自僱,租賃,購屋,2024-10-29 17:00:00
29,92328.57,785,147829.1,0.156,8,5,1,研究所,單身,全職,租賃,教育,2024-10-29 18:00:00
18,40558.99,777,68630.73,0.176,4,10,2,大學,已婚,全職,租賃,購屋,2024-10-29 19:00:00
43,65593.23,610,114918.78,0.222,9,6,0,研究所,已婚,全職,租賃,教育,2024-10-29 20:00:00
53,40634.3,659,193466.22,0.275,9,8,1,大學,已婚,兼職,租賃,購屋,2024-10-29 21:00:00
31,64982.07,648,94840.35,0.324,6,12,1,高中,已婚,退休,租賃,購屋,2024-10-29 22:00:00
45,41067.21,589,135219.95,0.284,3,9,1,研究所,已婚,全職,與家人同住,債務整合,2024-10-29 23:00:00
19,107770.39,669,202444.42,0.231,1,4,0,高中,單身,全職,自有,其他,2024-10-30 00:00:00
29,42755.55,810,194533.42,0.299,4,6,0,高中,已婚,全職,與家人同住,購屋,2024-10-30 01:00:00
22,32801.12,701,236285.39,0.116,6,6,0,專科,已婚,全職,租賃,債務整合,2024-10-30 02:00:00
50,104019.77,774,148396.43,0.168,4,7,2,專科,已婚,退休,租賃,購車,2024-10-30 03:00:00
28,44569.36,677,179760.07,0.08,3,7,1,高中,單身,全職,自有,其他,2024-10-30 04:00:00
35,62453.19,550,160008.07,0.528,5,7,0,大學,已婚,全職,與家人同住,購屋,2024-10-30 05:00:00
37,117085.03,700,60464.33,0.115,1,12,0,研究所,已婚,全職,租賃,教育,2024-10-30 06:00:00
53,43460.89,675,204154.42,0.649,4,8,4,大學,已婚,全職,自有,購屋,2024-10-30 07:00:00
26,33239.71,656,146448.55,0.189,7,10,1,高中,離婚,全職,自有,購屋,2024-10-30 08:00:00
43,59081.3,575,151840.06,0.379,6,4,2,研究所,已婚,全職,租賃,購車,2024-10-30 09:00:00
26,40972.85,731,176279.49,0.046,3,9,0,高中,已婚,全職,自有,購車,2024-10-30 10:00:00
33,112935.34,658,148664.84,0.078,8,4,0,大學,單身,全職,自有,教育,2024-10-30 11:00:00
57,71578.36,654,72752.71,0.332,5,5,2,大學,離婚,全職,自有,購屋,2024-10-30 12:00:00
36,60844.63,725,72710.49,0.193,5,7,1,大學,已婚,全職,自有,購屋,2024-10-30 13:00:00
43,66965.87,624,141515.8,0.584,1,6,0,大學,單身,兼職,與家人同住,購屋,2024-10-30 14:00:00
37,39069.11,679,123175.85,0.319,4,12,0,大學,單身,全職,租賃,購屋,2024-10-30 15:00:00
37,61524.46,703,134911.48,0.318,2,12,1,大學,已婚,全職,租賃,購屋,2024-10-30 16:00:00
42,55138.03,799,98193.76,0.49,6,7,0,大學,單身,全職,租賃,債務整合,2024-10-30 17:00:00
26,70967.35,668,109737.49,0.282,6,10,1,高中,單身,兼職,租賃,教育,2024-10-30 18:00:00
38,63937.17,726,104678.44,0.418,5,7,1,研究所,已婚,全職,租賃,購屋,2024-10-30 19:00:00
18,46881.35,656,120536.23,0.28,6,12,2,大學,已婚,兼職,自有,購屋,2024-10-30 20:00:00
24,29460.59,774,136199.66,0.698,5,6,0,大學,已婚,全職,租賃,教育,2024-10-30 21:00:00
47,108563.62,578,194048.46,0.434,7,8,1,大學,離婚,全職,租賃,教育,2024-10-30 22:00:00
26,87049.38,593,203940.62,0.377,4,7,3,研究所,已婚,全職,租賃,購車,2024-10-30 23:00:00
43,43483.29,687,216806.37,0.658,6,8,0,大學,單身,全職,租賃,債務整合,2024-10-31 00:00:00
18,50335.51,646,142620.88,0.613,6,10,0,高中,已婚,全職,自有,購車,2024-10-31 01:00:00
28,55297.24,718,120597.7,0.131,2,10,0,研究所,離婚,全職,自有,購屋,2024-10-31 02:00:00
29,100645.87,753,81059.27,0.288,6,7,0,高中,已婚,全職,租賃,教育,2024-10-31 03:00:00
28,61145.57,570,166306.71,0.238,2,8,0,大學,已婚,全職,租賃,購屋,2024-10-31 04:00:00
33,46248.7,743,143726.25,0.184,4,5,1,高中,單身,全職,租賃,購車,2024-10-31 05:00:00
38,82922.56,712,154452.3,0.523,1,5,0,高中,已婚,全職,與家人同住,購屋,2024-10-31 06:00:00
31,20000.0,794,160823.57,0.313,6,13,0,高中,已婚,全職,租賃,購車,2024-10-31 07:00:00
38,76256.78,650,205609.12,0.234,7,6,0,研究所,已婚,兼職,自有,購屋,2024-10-31 08:00:00
34,40504.81,724,173668.94,0.161,5,2,1,專科,單身,全職,租賃,其他,2024-10-31 09:00:00
47,48279.98,716,165591.37,0.102,5,4,2,專科,離婚,全職,租賃,購屋,2024-10-31 10:00:00
50,67826.31,769,106259.07,0.193,4,11,2,大學,已婚,全職,自有,購屋,2024-10-31 11:00:00
38,37252.88,519,225951.4,0.462,6,7,1,大學,已婚,全職,自有,購屋,2024-10-31 12:00:00
45,68727.1,585,147587.31,0.063,2,7,3,大學,已婚,全職,與家人同住,購屋,2024-10-31 13:00:00
35,39712.32,742,143523.12,0.424,5,12,2,大學,單身,退休,與家人同住,購車,2024-10-31 14:00:00
45,31800.34,765,171751.27,0.161,4,7,0,大學,已婚,全職,租賃,購屋,2024-10-31 15:00:00
36,44895.76,721,111609.63,0.246,4,9,0,大學,已婚,全職,自有,購屋,2024-10-31 16:00:00
33,74522.73,604,183976.28,0.172,7,8,3,大學,已婚,退休,租賃,購屋,2024-10-31 17:00:00
18,72147.54,661,231607.33,0.476,6,6,0,專科,已婚,全職,租賃,其他,2024-10-31 18:00:00
38,52242.36,741,121271.45,0.269,5,6,0,高中,已婚,自僱,自有,購屋,2024-10-31 19:00:00
38,60870.53,662,153324.84,0.248,8,9,0,高中,單身,兼職,租賃,購屋,2024-10-31 20:00:00
23,93916.99,702,125696.91,0.264,4,4,1,大學,已婚,全職,自有,購屋,2024-10-31 21:00:00
29,80614.61,789,167433.97,0.07,6,4,2,高中,已婚,全職,租賃,購車,2024-10-31 22:00:00
19,46995.55,715,178817.84,0.102,6,7,3,高中,已婚,全職,自有,其他,2024-10-31 23:00:00
42,28799.24,685,172280.77,0.143,7,12,2,研究所,單身,全職,自有,購車,2024-11-01 00:00:00
28,73964.23,703,189794.48,0.204,1,7,0,專科,單身,全職,與家人同住,其他,2024-11-01 01:00:00
42,66498.11,723,80693.65,0.034,5,4,0,研究所,已婚,自僱,租賃,購屋,2024-11-01 02:00:00
30,21663.68,674,182310.22,0.644,7,8,1,大學,已婚,全職,與家人同住,其他,2024-11-01 03:00:00
26,62975.28,713,158057.73,0.669,6,4,1,專科,已婚,兼職,自有,購屋,2024-11-01 04:00:00
45,69317.35,627,250644.09,0.291,5,12,1,高中,已婚,兼職,自有,購車,2024-11-01 05:00:00
28,40240.15,730,138731.02,0.474,2,7,1,大學,已婚,全職,與家人同住,購屋,2024-11-01 06:00:00
45,118739.47,676,240137.23,0.326,6,6,1,研究所,已婚,自僱,自有,購屋,2024-11-01 07:00:00
27,58688.59,631,207619.22,0.411,6,4,3,高中,已婚,兼職,與家人同住,購屋,2024-11-01 08:00:00
33,66723.78,751,199262.41,0.026,3,8,0,大學,已婚,自僱,租賃,購屋,2024-11-01 09:00:00
47,36127.69,701,153628.17,0.207,10,14,2,大學,已婚,自僱,自有,購車,2024-11-01 10:00:00
37,79143.3,694,228920.07,0.189,4,5,0,研究所,已婚,全職,自有,購車,2024-11-01 11:00:00
43,50111.95,707,103768.36,0.577,5,9,2,大學,已婚,全職,租賃,其他,2024-11-01 12:00:00
56,102604.29,601,184290.23,0.213,4,11,0,專科,離婚,全職,與家人同住,購屋,2024-11-01 13:00:00
33,49080.59,724,245994.97,0.356,4,6,1,大學,已婚,兼職,租賃,購車,2024-11-01 14:00:00
44,55760.87,671,134355.21,0.108,8,4,0,大學,已婚,全職,租賃,購屋,2024-11-01 15:00:00
34,34057.29,774,176668.57,0.085,5,12,2,專科,單身,退休,租賃,購屋,2024-11-01 16:00:00
36,88774.83,850,101960.21,0.194,5,7,1,大學,已婚,全職,自有,購屋,2024-11-01 17:00:00
30,63560.18,700,247565.99,0.102,6,6,2,研究所,單身,全職,與家人同住,債務整合,2024-11-01 18:00:00
36,30794.56,706,134913.42,0.089,5,7,1,大學,已婚,退休,租賃,購屋,2024-11-01 19:00:00
24,72410.18,691,145469.19,0.214,9,8,2,大學,單身,全職,自有,教育,2024-11-01 20:00:00
46,73324.58,570,120546.3,0.412,5,11,1,高中,已婚,全職,租賃,購車,2024-11-01 21:00:00
61,45970.93,589,130417.55,0.279,5,7,2,高中,單身,全職,租賃,債務整合,2024-11-01 22:00:00
37,34133.0,604,137095.68,0.017,3,14,0,大學,單身,兼職,租賃,教育,2024-11-01 23:00:00
30,56824.24,719,172327.96,0.11,6,8,1,高中,已婚,自僱,與家人同住,購屋,2024-11-02 00:00:00
52,48486.49,771,139846.26,0.291,9,4,1,大學,已婚,全職,與家人同住,債務整合,2024-11-02 01:00:00
31,50959.94,709,38421.09,0.033,2,4,3,專科,已婚,全職,租賃,購屋,2024-11-02 02:00:00
30,68313.07,606,176153.42,0.382,2,7,1,高中,已婚,全職,自有,購屋,2024-11-02 03:00:00
37,71784.21,556,239757.75,0.163,4,6,0,高中,單身,全職,自有,購車,2024-11-02 04:00:00
31,59762.67,651,76516.59,0.267,1,9,1,高中,單身,自僱,租賃,教育,2024-11-02 05:00:00
47,34781.48,654,170429.44,0.289,5,6,0,大學,單身,全職,自有,購車,2024-11-02 06:00:00
18,20000.0,726,294980.47,0.191,5,8,0,專科,已婚,自僱,自有,教育,2024-11-02 07:00:00
37,57911.35,745,133157.74,0.118,2,9,0,高中,已婚,全職,自有,購屋,2024-11-02 08:00:00
50,20000.0,690,149737.34,0.231,3,5,0,高中,已婚,退休,租賃,債務整合,2024-11-02 09:00:00
18,43883.38,610,119603.78,0.295,6,8,3,大學,單身,全職,與家人同住,其他,2024-11-02 10:00:00
51,63795.41,683,209060.55,0.137,5,9,0,大學,已婚,兼職,自有,購屋,2024-11-02 11:00:00
37,63396.38,562,195738.45,0.441,4,7,2,大學,單身,自僱,自有,購車,2024-11-02 12:00:00
54,54855.71,663,108313.59,0.115,8,7,1,專科,離婚,全職,租賃,購車,2024-11-02 13:00:00
51,59864.42,750,163754.94,0.187,6,10,0,專科,已婚,全職,租賃,購屋,2024-11-02 14:00:00
21,67474.99,671,114688.64,0.186,6,8,0,專科,離婚,全職,自有,購屋,2024-11-02 15:00:00
56,40025.54,758,115952.79,0.176,4,7,1,研究所,離婚,兼職,與家人同住,教育,2024-11-02 16:00:00
24,37736.68,656,112875.76,0.672,3,4,1,高中,已婚,兼職,與家人同住,購車,2024-11-02 17:00:00
39,68628.67,709,127403.07,0.584,6,11,0,專科,已婚,全職,自有,購屋,2024-11-02 18:00:00
18,64825.9,594,117435.61,0.022,3,3,1,專科,已婚,全職,與家人同住,購車,2024-11-02 19:00:00
42,51262.47,704,154267.83,0.3,4,4,1,大學,已婚,自僱,自有,其他,2024-11-02 20:00:00
40,77097.15,676,230686.56,0.716,2,10,2,大學,離婚,兼職,自有,購車,2024-11-02 21:00:00
51,86186.62,659,115189.66,0.439,5,13,2,大學,單身,自僱,租賃,債務整合,2024-11-02 22:00:00
41,57109.68,752,110839.76,0.116,2,11,1,研究所,已婚,自僱,自有,債務整合,2024-11-02 23:00:00
22,77098.25,709,173223.17,0.324,3,4,1,專科,單身,全職,自有,購屋,2024-11-03 00:00:00
42,51130.03,656,124998.99,0.339,6,8,1,高中,單身,兼職,租賃,購車,2024-11-03 01:00:00
29,22530.17,758,107812.87,0.148,4,8,2,大學,單身,兼職,自有,購車,2024-11-03 02:00:00
55,61675.76,806,161055.56,0.37,5,8,1,高中,已婚,全職,自有,購車,2024-11-03 03:00:00
39,102284.2,612,147612.46,0.159,5,8,0,研究所,單身,兼職,自有,購屋,2024-11-03 04:00:00
31,45944.48,660,130060.17,0.111,6,7,0,大學,已婚,全職,與家人同住,購屋,2024-11-03 05:00:00
46,82734.2,720,195657.06,0.147,9,8,1,大學,已婚,全職,租賃,購屋,2024-11-03 06:00:00
35,54278.14,844,131186.63,0.025,2,12,1,大學,已婚,全職,自有,購車,2024-11-03 07:00:00
53,72739.01,636,205929.1,0.506,6,5,0,大學,已婚,全職,自有,購屋,2024-11-03 08:00:00
23,73334.41,669,165814.02,0.533,6,5,0,大學,已婚,兼職,自有,購屋,2024-11-03 09:00:00
29,59869.95,755,76633.47,0.233,3,8,1,專科,已婚,自僱,租賃,債務整合,2024-11-03 10:00:00
45,101045.04,794,168967.87,0.366,6,7,2,大學,單身,退休,自有,購車,2024-11-03 11:00:00
31,86958.68,640,127871.77,0.102,7,9,2,專科,離婚,全職,自有,其他,2024-11-03 12:00:00
44,23258.76,690,86506.48,0.351,5,4,1,大學,已婚,全職,自有,購屋,2024-11-03 13:00:00
41,20000.0,662,149859.3,0.098,7,5,1,高中,已婚,自僱,租賃,購屋,2024-11-03 14:00:00
26,67789.84,566,125428.37,0.137,6,13,2,專科,已婚,全職,租賃,購屋,2024-11-03 15:00:00
38,20000.0,628,260022.14,0.152,3,9,0,高中,已婚,全職,自有,購屋,2024-11-03 16:00:00
33,75010.73,723,130167.6,0.538,2,10,1,研究所,已婚,全職,租賃,購屋,2024-11-03 17:00:00
28,79819.31,643,161415.43,0.21,2,8,0,大學,已婚,全職,租賃,購車,2024-11-03 18:00:00
41,69342.73,741,108016.66,0.608,9,13,2,大學,已婚,全職,自有,購屋,2024-11-03 19:00:00
27,47398.73,709,142229.17,0.053,6,5,3,高中,已婚,全職,自有,債務整合,2024-11-03 20:00:00
36,82693.42,701,177878.19,0.042,1,7,0,高中,已婚,自僱,自有,購屋,2024-11-03 21:00:00
54,54155.37,658,275826.8,0.35,7,8,0,大學,已婚,全職,自有,購車,2024-11-03 22:00:00
37,60112.5,690,162513.35,0.243,9,10,3,大學,單身,兼職,自有,購屋,2024-11-03 23:00:00
29,52594.5,751,73438.97,0.096,4,6,0,高中,已婚,兼職,自有,購屋,2024-11-04 00:00:00
20,70770.03,567,226825.26,0.177,1,5,0,大學,已婚,全職,自有,購屋,2024-11-04 01:00:00
19,36674.69,609,196506.64,0.503,5,9,0,高中,離婚,兼職,自有,購屋,2024-11-04 02:00:00
24,56045.3,758,11368.74,0.238,8,2,3,專科,已婚,兼職,自有,教育,2024-11-04 03:00:00
32,69863.51,563,73339.29,0.035,10,15,0,專科,單身,全職,租賃,購屋,2024-11-04 04:00:00
18,128417.78,623,127213.08,0.146,4,7,1,研究所,單身,兼職,自有,購屋,2024-11-04 05:00:00
33,92790.35,711,103041.23,0.374,7,10,1,研究所,單身,退休,自有,購屋,2024-11-04 06:00:00
20,20000.0,695,145503.54,0.102,2,8,0,高中,已婚,全職,自有,債務整合,2024-11-04 07:00:00
33,69863.61,636,122719.35,0.086,3,5,0,大學,單身,全職,自有,購屋,2024-11-04 08:00:00
34,62589.63,731,197328.3,0.271,3,8,1,研究所,離婚,兼職,租賃,購車,2024-11-04 09:00:00
38,74234.63,591,203381.27,0.311,7,7,0,專科,已婚,全職,租賃,購車,2024-11-04 10:00:00
35,31036.75,842,89736.42,0.166,5,7,1,專科,離婚,全職,與家人同住,其他,2024-11-04 11:00:00
27,40167.67,721,251503.81,0.145,6,11,1,高中,已婚,自僱,與家人同住,購屋,2024-11-04 12:00:00
25,53890.52,676,222543.59,0.19,6,8,0,大學,已婚,全職,租賃,教育,2024-11-04 13:00:00
21,55043.89,755,10000.0,0.536,6,6,1,高中,已婚,退休,自有,購車,2024-11-04 14:00:00
48,74474.81,739,104874.16,0.096,4,9,1,高中,單身,全職,自有,購車,2024-11-04 15:00:00
45,73190.02,745,92801.95,0.339,7,9,1,高中,單身,全職,租賃,債務整合,2024-11-04 16:00:00
30,50147.28,666,101476.44,0.618,10,6,0,研究所,已婚,全職,與家人同住,購屋,2024-11-04 17:00:00
35,112436.39,599,24633.67,0.228,2,7,1,研究所,單身,全職,租賃,債務整合,2024-11-04 18:00:00
34,82693.06,744,158497.24,0.16,4,8,4,研究所,已婚,全職,自有,購屋,2024-11-04 19:00:00
47,50092.65,732,110533.31,0.385,4,6,1,研究所,已婚,全職,自有,教育,2024-11-04 20:00:00
31,20000.0,731,177379.87,0.264,3,3,0,大學,單身,兼職,租賃,購屋,2024-11-04 21:00:00
18,85241.11,645,268216.72,0.093,7,9,1,大學,單身,退休,自有,購車,2024-11-04 22:00:00
40,48064.97,738,233156.39,0.475,6,7,1,大學,已婚,全職,自有,購屋,2024-11-04 23:00:00
20,59306.35,654,118083.43,0.088,5,9,1,研究所,已婚,自僱,租賃,教育,2024-11-05 00:00:00
45,73927.44,757,147651.54,0.274,6,8,2,大學,已婚,自僱,與家人同住,購屋,2024-11-05 01:00:00
24,34365.58,672,184492.27,0.388,1,14,2,高中,單身,兼職,租賃,教育,2024-11-05 02:00:00
38,49649.91,604,242533.56,0.021,6,10,0,高中,已婚,全職,租賃,購車,2024-11-05 03:00:00
32,46256.3,622,153794.85,0.551,3,12,1,大學,已婚,全職,自有,購屋,2024-11-05 04:00:00
32,57578.2,643,92366.97,0.297,10,9,0,高中,已婚,全職,自有,購車,2024-11-05 05:00:00
40,69453.16,757,183156.57,0.551,4,9,1,大學,已婚,全職,與家人同住,購屋,2024-11-05 06:00:00
36,98130.77,676,86941.86,0.208,8,9,1,研究所,已婚,兼職,租賃,其他,2024-11-05 07:00:00
30,70689.61,655,88320.72,0.332,8,11,3,高中,已婚,全職,自有,購車,2024-11-05 08:00:00
31,85808.9,850,200922.07,0.615,7,7,0,高中,已婚,全職,租賃,購車,2024-11-05 09:00:00
21,57994.03,665,212746.86,0.093,4,10,1,研究所,單身,全職,租賃,債務整合,2024-11-05 10:00:00
36,66523.56,617,232171.66,0.083,4,8,2,大學,已婚,兼職,自有,購屋,2024-11-05 11:00:00
38,49844.22,818,228175.07,0.091,5,9,2,專科,單身,兼職,租賃,購屋,2024-11-05 12:00:00
66,57124.56,636,184952.26,0.144,8,6,1,高中,單身,兼職,與家人同住,購車,2024-11-05 13:00:00
36,73808.97,611,125817.06,0.409,4,4,1,研究所,單身,兼職,與家人同住,債務整合,2024-11-05 14:00:00
33,31221.89,751,79565.74,0.327,4,5,1,專科,已婚,全職,自有,購車,2024-11-05 15:00:00
24,63752.35,631,144204.5,0.442,6,11,1,大學,已婚,全職,租賃,購屋,2024-11-05 16:00:00
31,61348.93,663,135219.83,0.248,8,5,1,專科,已婚,兼職,自有,債務整合,2024-11-05 17:00:00
35,59828.21,691,140375.7,0.046,4,9,1,大學,已婚,退休,自有,購屋,2024-11-05 18:00:00
25,53277.51,662,146210.63,0.465,4,11,1,大學,單身,兼職,與家人同住,債務整合,2024-11-05 19:00:00
41,20000.0,666,128514.81,0.255,3,9,1,專科,已婚,自僱,租賃,其他,2024-11-05 20:00:00
32,62256.88,716,165012.38,0.184,3,13,1,專科,已婚,全職,與家人同住,教育,2024-11-05 21:00:00
41,71107.73,671,97665.51,0.493,4,7,2,專科,已婚,兼職,租賃,購屋,2024-11-05 22:00:00
26,93691.51,642,172833.08,0.33,2,9,1,大學,離婚,全職,自有,購屋,2024-11-05 23:00:00
37,67299.76,669,82941.31,0.209,4,11,2,專科,已婚,兼職,租賃,教育,2024-11-06 00:00:00
32,113360.08,766,167586.03,0.214,6,11,0,專科,單身,全職,與家人同住,購屋,2024-11-06 01:00:00
47,60358.82,652,130222.54,0.32,8,12,0,大學,單身,全職,租賃,教育,2024-11-06 02:00:00
35,64521.6,738,171268.99,0.122,9,6,2,專科,已婚,全職,與家人同住,購屋,2024-11-06 03:00:00
22,55749.63,692,228962.73,0.511,6,8,0,高中,已婚,全職,與家人同住,購屋,2024-11-06 04:00:00
32,49777.5,653,44254.22,0.059,4,2,0,專科,單身,兼職,自有,購車,2024-11-06 05:00:00
18,71560.49,640,136443.61,0.076,3,5,0,大學,已婚,全職,自有,購車,2024-11-06 06:00:00
37,85259.92,696,168091.48,0.393,5,14,0,專科,離婚,兼職,與家人同住,購車,2024-11-06 07:00:00
48,70563.78,767,132559.02,0.318,2,7,1,大學,單身,全職,與家人同住,購屋,2024-11-06 08:00:00
37,64606.82,667,154481.44,0.304,6,6,0,專科,已婚,全職,租賃,債務整合,2024-11-06 09:00:00
37,68613.79,617,157536.99,0.439,3,9,1,研究所,單身,全職,與家人同住,購屋,2024-11-06 10:00:00
38,59155.18,634,226563.9,0.159,5,6,4,專科,離婚,全職,租賃,購屋,2024-11-06 11:00:00
26,59536.84,727,74913.9,0.22,9,8,2,專科,已婚,全職,租賃,購屋,2024-11-06 12:00:00
27,64997.34,639,61553.42,0.446,2,8,0,高中,已婚,全職,租賃,購屋,2024-11-06 13:00:00
40,62196.99,768,164988.74,0.245,4,10,3,專科,單身,自僱,與家人同住,購屋,2024-11-06 14:00:00
32,41803.86,744,216776.42,0.165,4,12,0,高中,單身,全職,自有,其他,2024-11-06 15:00:00
56,88511.86,639,209803.48,0.275,4,6,1,大學,已婚,全職,自有,其他,2024-11-06 16:00:00
49,129970.16,688,125568.31,0.036,1,7,1,研究所,離婚,全職,自有,教育,2024-11-06 17:00:00
27,59255.68,751,89083.49,0.159,1,9,2,專科,已婚,全職,與家人同住,購屋,2024-11-06 18:00:00
27,61918.59,656,171656.75,0.491,3,8,1,專科,已婚,兼職,自有,購屋,2024-11-06 19:00:00
21,72077.28,681,179021.71,0.038,6,7,1,大學,單身,全職,自有,債務整合,2024-11-06 20:00:00
27,45051.09,737,79226.84,0.194,6,6,1,專科,單身,全職,租賃,購屋,2024-11-06 21:00:00
32,70390.23,770,113579.51,0.489,5,12,0,高中,已婚,全職,與家人同住,購屋,2024-11-06 22:00:00
37,50651.56,719,166769.25,0.167,5,12,4,專科,已婚,全職,租賃,購屋,2024-11-06 23:00:00
33,53118.19,688,150623.3,0.358,4,6,0,大學,已婚,全職,與家人同住,其他,2024-11-07 00:00:00
55,35125.68,657,212166.19,0.332,2,11,0,高中,已婚,兼職,自有,購屋,2024-11-07 01:00:00
44,51669.16,604,164872.05,0.478,4,7,0,專科,已婚,全職,自有,購車,2024-11-07 02:00:00
39,83831.23,661,81809.1,0.28,8,11,1,研究所,單身,全職,租賃,債務整合,2024-11-07 03:00:00
40,94761.25,693,166514.95,0.566,6,7,0,專科,已婚,退休,自有,購屋,2024-11-07 04:00:00
18,71521.14,721,77128.59,0.238,6,3,1,研究所,已婚,全職,與家人同住,購屋,2024-11-07 05:00:00
18,64639.86,669,172003.39,0.617,3,8,2,研究所,單身,全職,租賃,購屋,2024-11-07 06:00:00
34,68912.62,681,134917.21,0.323,4,9,1,大學,單身,全職,租賃,購車,2024-11-07 07:00:00
43,83468.84,790,262751.11,0.09,2,8,2,大學,已婚,全職,自有,購屋,2024-11-07 08:00:00
29,113948.73,707,170649.32,0.363,7,5,1,研究所,離婚,兼職,租賃,購車,2024-11-07 09:00:00
38,40798.38,647,210662.5,0.485,8,7,0,研究所,單身,全職,租賃,購屋,2024-11-07 10:00:00
42,61956.49,609,140544.46,0.27,8,9,1,大學,單身,全職,自有,教育,2024-11-07 11:00:00
45,96520.8,687,125061.22,0.46,4,6,1,大學,已婚,全職,租賃,購車,2024-11-07 12:00:00
29,45615.21,623,178134.36,0.03,4,8,1,研究所,已婚,全職,自有,購屋,2024-11-07 13:00:00
32,64412.1,645,120853.46,0.18,6,5,1,高中,單身,兼職,租賃,教育,2024-11-07 14:00:00
31,65654.44,849,163617.06,0.177,5,13,1,大學,已婚,兼職,自有,購屋,2024-11-07 15:00:00
27,42532.26,663,109888.41,0.179,1,9,1,研究所,單身,全職,自有,購車,2024-11-07 16:00:00
36,92021.61,700,240164.07,0.356,3,4,0,研究所,已婚,兼職,自有,購屋,2024-11-07 17:00:00
23,93805.23,798,152901.36,0.212,6,7,1,研究所,單身,全職,自有,購屋,2024-11-07 18:00:00
48,49026.85,620,112537.76,0.139,3,11,0,大學,已婚,全職,租賃,購屋,2024-11-07 19:00:00
33,36133.41,703,126415.15,0.281,4,9,1,高中,離婚,全職,與家人同住,購屋,2024-11-07 20:00:00
32,87646.96,760,199165.39,0.438,4,3,1,大學,已婚,退休,自有,其他,2024-11-07 21:00:00
18,49089.38,700,159681.64,0.142,7,5,1,研究所,已婚,退休,自有,購屋,2024-11-07 22:00:00
22,89167.47,669,106777.13,0.319,6,8,3,大學,已婚,全職,租賃,購屋,2024-11-07 23:00:00
45,67560.26,712,212183.67,0.349,9,11,1,專科,已婚,全職,自有,其他,2024-11-08 00:00:00
72,56709.37,626,154032.14,0.128,2,6,0,專科,單身,自僱,租賃,購屋,2024-11-08 01:00:00
42,87608.88,698,164069.17,0.468,5,6,1,專科,已婚,全職,與家人同住,教育,2024-11-08 02:00:00
32,54797.51,584,111539.78,0.326,8,9,1,大學,單身,全職,自有,債務整合,2024-11-08 03:00:00
28,59739.59,715,134688.57,0.221,3,8,0,高中,已婚,全職,自有,購屋,2024-11-08 04:00:00
23,74325.23,754,144218.99,0.114,5,11,1,大學,單身,全職,自有,購車,2024-11-08 05:00:00
19,46726.88,727,102169.2,0.226,9,12,1,大學,已婚,全職,租賃,購屋,2024-11-08 06:00:00
38,64911.79,717,30614.2,0.537,10,6,2,專科,離婚,全職,自有,購屋,2024-11-08 07:00:00
35,36707.5,678,220365.71,0.496,5,6,0,大學,單身,全職,租賃,債務整合,2024-11-08 08:00:00
27,94215.99,648,79320.68,0.181,4,5,0,研究所,已婚,兼職,自有,債務整合,2024-11-08 09:00:00
34,46146.59,596,110741.97,0.279,5,6,0,大學,已婚,全職,租賃,購屋,2024-11-08 10:00:00
37,65921.37,627,120988.81,0.245,6,10,1,大學,已婚,全職,租賃,購屋,2024-11-08 11:00:00
18,129150.12,654,235832.67,0.56,4,6,0,大學,單身,全職,自有,購車,2024-11-08 12:00:00
45,44233.92,705,132137.91,0.464,4,8,4,高中,已婚,全職,自有,購屋,2024-11-08 13:00:00
49,92540.98,760,165629.68,0.688,12,6,0,高中,已婚,全職,自有,債務整合,2024-11-08 14:00:00
35,57911.01,691,187375.71,0.088,5,9,0,專科,已婚,全職,租賃,購車,2024-11-08 15:00:00
54,76376.83,672,219140.22,0.321,6,8,1,專科,已婚,自僱,租賃,購屋,2024-11-08 16:00:00
41,80197.14,796,115618.52,0.075,6,3,2,專科,單身,全職,租賃,購屋,2024-11-08 17:00:00
51,75302.95,710,179665.21,0.264,2,4,0,大學,已婚,兼職,與家人同住,購車,2024-11-08 18:00:00
33,64981.14,596,113372.24,0.359,7,4,0,大學,已婚,全職,租賃,債務整合,2024-11-08 19:00:00
45,22768.71,675,62180.7,0.409,3,9,0,大學,已婚,兼職,與家人同住,購車,2024-11-08 20:00:00
37,78566.46,653,142680.03,0.049,3,8,1,高中,單身,全職,自有,購屋,2024-11-08 21:00:00
27,61134.67,574,112828.61,0.326,5,6,0,高中,單身,全職,租賃,購車,2024-11-08 22:00:00
42,59844.85,747,235500.18,0.31,0,9,1,研究所,單身,全職,自有,購屋,2024-11-08 23:00:00
45,48851.27,691,226556.35,0.476,7,9,1,大學,已婚,兼職,自有,購車,2024-11-09 00:00:00
35,33147.59,788,206160.32,0.114,2,7,0,大學,已婚,全職,自有,購屋,2024-11-09 01:00:00
34,62890.19,748,156812.0,0.228,7,5,0,高中,已婚,全職,與家人同住,購屋,2024-11-09 02:00:00
46,50766.8,644,148503.09,0.038,2,7,0,高中,離婚,全職,租賃,教育,2024-11-09 03:00:00
24,53326.43,710,166780.69,0.26,5,8,0,高中,單身,全職,租賃,購車,2024-11-09 04:00:00
28,74758.16,707,148510.79,0.326,5,7,2,大學,已婚,兼職,租賃,購車,2024-11-09 05:00:00
31,54113.18,675,118553.92,0.144,2,7,0,高中,單身,自僱,自有,其他,2024-11-09 06:00:00
31,64802.72,570,124997.77,0.294,5,4,2,大學,單身,全職,租賃,購屋,2024-11-09 07:00:00
23,52132.24,730,188277.43,0.133,5,7,2,高中,已婚,全職,自有,債務整合,2024-11-09 08:00:00
24,64177.61,576,256454.21,0.091,5,7,3,大學,已婚,全職,與家人同住,債務整合,2024-11-09 09:00:00
42,44686.55,598,158151.05,0.21,7,8,0,高中,單身,兼職,租賃,購車,2024-11-09 10:00:00
31,33553.05,699,150663.89,0.085,11,9,0,專科,單身,全職,自有,購車,2024-11-09 11:00:00
18,52837.4,618,117080.95,0.513,3,15,0,大學,已婚,全職,與家人同住,購屋,2024-11-09 12:00:00
36,52208.35,635,61799.36,0.184,8,12,2,高中,單身,兼職,自有,購屋,2024-11-09 13:00:00
41,62940.05,689,182163.51,0.164,6,7,3,研究所,已婚,全職,租賃,購車,2024-11-09 14:00:00
42,65700.86,725,103017.64,0.254,10,10,1,高中,單身,全職,自有,購屋,2024-11-09 15:00:00
54,86113.93,672,60137.23,0.075,3,4,0,高中,離婚,全職,租賃,債務整合,2024-11-09 16:00:00
31,30944.21,778,227864.58,0.519,4,13,2,大學,已婚,全職,租賃,購屋,2024-11-09 17:00:00
31,73596.06,620,202539.83,0.344,3,10,1,專科,離婚,全職,自有,購屋,2024-11-09 18:00:00
41,119045.5,786,65627.34,0.122,5,8,2,研究所,已婚,全職,自有,其他,2024-11-09 19:00:00
35,74657.87,631,274311.32,0.042,4,9,1,高中,已婚,自僱,租賃,購屋,2024-11-09 20:00:00
33,64167.14,793,72611.0,0.326,6,6,1,專科,單身,全職,自有,購車,2024-11-09 21:00:00
35,66865.61,767,73016.47,0.034,2,15,0,大學,單身,全職,自有,教育,2024-11-09 22:00:00
39,74265.38,702,56594.67,0.27,11,11,3,大學,單身,全職,自有,購屋,2024-11-09 23:00:00
41,20000.0,732,127268.37,0.131,3,8,1,大學,已婚,自僱,租賃,債務整合,2024-11-10 00:00:00
36,20000.0,741,212839.3,0.164,3,8,2,專科,已婚,全職,與家人同住,購屋,2024-11-10 01:00:00
19,62855.51,663,66467.18,0.046,12,12,0,大學,已婚,全職,自有,其他,2024-11-10 02:00:00
39,60947.3,689,115151.23,0.016,3,5,1,高中,離婚,兼職,自有,購車,2024-11-10 03:00:00
18,87088.37,620,167691.89,0.023,5,9,0,大學,單身,全職,自有,購屋,2024-11-10 04:00:00
29,58559.65,604,122787.14,0.359,3,6,1,大學,單身,全職,自有,購屋,2024-11-10 05:00:00
30,59939.35,749,150249.11,0.245,8,6,1,研究所,單身,兼職,自有,購車,2024-11-10 06:00:00
29,30519.99,682,197548.19,0.286,6,11,2,專科,已婚,全職,與家人同住,購車,2024-11-10 07:00:00
43,51332.05,747,120193.96,0.443,3,11,2,專科,已婚,全職,租賃,購車,2024-11-10 08:00:00
26,45074.9,722,101615.96,0.045,6,8,1,大學,單身,兼職,自有,其他,2024-11-10 09:00:00
49,65820.78,693,170626.64,0.258,3,15,0,專科,單身,全職,租賃,購屋,2024-11-10 10:00:00
24,72944.95,765,150892.62,0.303,10,7,1,高中,單身,全職,自有,購車,2024-11-10 11:00:00
44,36885.21,753,187530.59,0.295,5,6,0,大學,單身,全職,自有,購屋,2024-11-10 12:00:00
56,76070.61,637,195199.2,0.07,5,11,1,大學,已婚,退休,與家人同住,購車,2024-11-10 13:00:00
22,20000.0,599,52161.66,0.111,2,4,1,高中,已婚,兼職,租賃,教育,2024-11-10 14:00:00
30,85379.48,645,109886.74,0.503,5,7,1,大學,離婚,全職,租賃,教育,2024-11-10 15:00:00
34,42321.56,759,122633.39,0.226,2,10,0,專科,已婚,全職,租賃,購車,2024-11-10 16:00:00
39,105642.99,751,129141.77,0.076,4,7,0,研究所,已婚,全職,自有,債務整合,2024-11-10 17:00:00
34,45598.19,590,236123.65,0.168,6,7,1,高中,已婚,兼職,自有,其他,2024-11-10 18:00:00
36,64160.19,673,10679.49,0.133,6,8,2,專科,單身,全職,自有,購車,2024-11-10 19:00:00
37,49169.37,748,125375.42,0.402,8,6,1,高中,離婚,全職,自有,購屋,2024-11-10 20:00:00
26,95401.77,630,97142.06,0.362,3,4,0,研究所,已婚,全職,自有,購車,2024-11-10 21:00:00
39,40285.21,681,200968.75,0.49,5,7,1,專科,已婚,自僱,自有,其他,2024-11-10 22:00:00
44,29871.06,741,106215.55,0.267,4,10,1,專科,已婚,退休,租賃,購屋,2024-11-10 23:00:00
41,71605.78,727,226657.13,0.055,6,10,0,大學,單身,全職,自有,購屋,2024-11-11 00:00:00
49,63670.23,608,146768.54,0.204,9,7,2,研究所,單身,全職,與家人同住,購車,2024-11-11 01:00:00
27,93894.46,735,136318.77,0.331,3,7,0,大學,已婚,全職,租賃,其他,2024-11-11 02:00:00
47,90442.57,694,119651.42,0.304,2,4,2,研究所,已婚,自僱,租賃,債務整合,2024-11-11 03:00:00
48,83018.22,724,130966.38,0.321,3,8,1,大學,單身,全職,與家人同住,購屋,2024-11-11 04:00:00
29,84590.61,648,57766.12,0.075,7,10,2,高中,單身,全職,租賃,教育,2024-11-11 05:00:00
35,50937.19,736,74607.2,0.188,3,5,1,大學,離婚,兼職,自有,購屋,2024-11-11 06:00:00
20,59963.4,708,119396.42,0.102,5,6,0,專科,已婚,全職,租賃,購車,2024-11-11 07:00:00
29,66481.56,772,186523.46,0.068,2,11,2,專科,單身,全職,自有,購屋,2024-11-11 08:00:00
29,44296.32,672,200107.3,0.46,4,4,1,大學,單身,全職,自有,購車,2024-11-11 09:00:00
37,47700.59,636,62740.88,0.256,2,8,0,專科,已婚,全職,租賃,教育,2024-11-11 10:00:00
24,60802.84,605,197238.26,0.111,2,8,0,專科,已婚,全職,租賃,購屋,2024-11-11 11:00:00
25,109056.48,789,161525.8,0.043,5,4,0,研究所,已婚,全職,自有,教育,2024-11-11 12:00:00
29,61200.97,548,182450.8,0.257,6,5,1,高中,已婚,全職,與家人同住,購屋,2024-11-11 13:00:00
22,66592.44,584,144086.63,0.388,4,14,1,大學,單身,全職,租賃,購屋,2024-11-11 14:00:00
27,73067.52,683,198894.03,0.248,7,6,0,專科,已婚,全職,租賃,債務整合,2024-11-11 15:00:00
